anon_id,direction,status,approvals,sessions_left,approval_supervisor,approval_specialist,sessions_used,referral_month,status_date
EAP-ANON-0731,心理咨询(外部机构),进行中,主管✓/专员✓,5,已通过,已通过,7,2026-07,2026-09-12
EAP-ANON-0733,法律援助(劳动咨询),已结案,主管✓/专员✓,0,已通过,已通过,6,2026-05,2026-08-21
EAP-ANON-0734,心理咨询(内部),待双审批,主管待/专员待,8,待审批,待审批,0,2026-09,2026-09-26
EAP-ANON-0735,危机干预,进行中,主管✓/专员✓,2,已通过,已通过,10,2026-09,2026-09-28
EAP-ANON-0737,心理咨询(外部机构),进行中,主管✓/专员✓,4,已通过,已通过,8,2026-08,2026-09-05
EAP-ANON-0738,健康管理(外部机构),已结案,主管✓/专员✓,0,已通过,已通过,6,2026-06,2026-08-14
EAP-ANON-0741,心理咨询(外部机构),已结案,主管✓/专员✓,0,已通过,已通过,12,2026-04,2026-07-30
EAP-ANON-0742,危机干预,已结案,主管✓/专员✓,0,已通过,已通过,6,2026-05,2026-07-18
EAP-ANON-0744,家庭与照护(外部机构),进行中,主管✓/专员✓,3,已通过,已通过,5,2026-09,2026-09-22
EAP-ANON-0746,职业发展咨询(内部),已结案,主管✓/专员✓,0,已通过,已通过,4,2026-07,2026-09-02
EAP-ANON-0748,法律援助(劳动咨询),进行中,主管✓/专员✓,2,已通过,已通过,4,2026-08,2026-09-16
EAP-ANON-0750,心理咨询(内部),进行中,主管✓/专员✓,6,已通过,已通过,2,2026-09,2026-09-25
EAP-ANON-0751,危机干预,已结案,主管✓/专员✓,0,已通过,已通过,6,2026-03,2026-06-27
EAP-ANON-0752,心理咨询(外部机构),待双审批,主管待/专员待,10,待审批,待审批,0,2026-09,2026-09-29
EAP-ANON-0754,心理咨询(外部机构),已结案,主管✓/专员✓,0,已通过,已通过,12,2026-03,2026-06-12
EAP-ANON-0755,心理咨询(内部),已驳回,主管✓/专员✗,0,已通过,已驳回,0,2026-06,2026-08-08
