case_no,employee_alias,case_type,disciplinary_detail,status
"A1295","A2548","离职","[REDACTED]","进行中"
"A9093","A9977","离职","[REDACTED]","进行中"
"A2191","A1037","处分","[REDACTED]","进行中"
"A3751","A3088","处分","[REDACTED]","已结案"
"A3115","A4529","处分","[REDACTED]","进行中"
"A9006","A9257","离职","[REDACTED]","进行中"
"A8322","A8483","争议","[REDACTED]","已结案"
"A3073","A6830","争议","[REDACTED]","进行中"
"A8168","A4864","离职","[REDACTED]","进行中"
"A1482","A8053","处分","[REDACTED]","已结案"
"A1134","A2626","处分","[REDACTED]","进行中"
"A2706","A7789","争议","[REDACTED]","进行中"
