dept,budget_wan,used_wan,remain_wan,period,dept_code,period_type,revenue_wan,net_wan,owner,updated_at
销售部,300.00,268.00,32.00,2026-09,SL,月度,760.00,492.00,周****,2026-09-30
市场部,210.00,196.00,14.00,2026-09,MK,月度,180.00,-16.00,郑****,2026-09-30
研发部,380.00,342.00,38.00,2026-09,RD,月度,240.00,-102.00,许****,2026-09-30
行政部,100.00,96.00,4.00,2026-09,AD,月度,0.00,-96.00,蒋****,2026-09-30
人力资源部,90.00,84.00,6.00,2026-09,HR,月度,0.00,-84.00,韩****,2026-09-30
财务部,80.00,76.00,4.00,2026-09,FN,月度,0.00,-76.00,秦****,2026-09-30
销售部,280.00,252.00,28.00,2026-08,SL,月度,680.00,428.00,周****,2026-08-31
市场部,200.00,188.00,12.00,2026-08,MK,月度,160.00,-28.00,郑****,2026-08-31
研发部,350.00,318.00,32.00,2026-08,RD,月度,180.00,-138.00,许****,2026-08-31
行政部,92.00,88.00,4.00,2026-08,AD,月度,0.00,-88.00,蒋****,2026-08-31
人力资源部,82.00,78.00,4.00,2026-08,HR,月度,0.00,-78.00,韩****,2026-08-31
财务部,66.00,62.00,4.00,2026-08,FN,月度,0.00,-62.00,秦****,2026-08-31
