revenue_id,period,dept,dept_code,customer_masked,contract_no,amount_yuan,tax_rate,tax_yuan,total_yuan,invoice_no,recognize_date,status
R-202609-001,2026-09,销售部,SL,华****科技有限公司,HT-2026-0412,3200000,0.06,192000,3392000,INV-2026-090901,2026-09-12,已回款
R-202609-002,2026-09,销售部,SL,深****智能装备有限公司,HT-2026-0438,2400000,0.06,144000,2544000,INV-2026-090902,2026-09-20,已回款
R-202609-003,2026-09,销售部,SL,苏****新材料股份有限公司,HT-2026-0451,1200000,0.06,72000,1272000,INV-2026-090903,2026-09-26,已开票
R-202609-004,2026-09,销售部,SL,杭****数字技术有限公司,HT-2026-0466,800000,0.06,48000,848000,INV-2026-090904,2026-09-30,已确认
R-202609-005,2026-09,市场部,MK,京****电子商务有限公司,HT-2026-0455,1100000,0.06,66000,1166000,INV-2026-090905,2026-09-24,已开票
R-202609-006,2026-09,市场部,MK,蓉****文化传媒有限公司,HT-2026-0461,700000,0.06,42000,742000,INV-2026-090906,2026-09-29,已确认
R-202609-007,2026-09,研发部,RD,汉****半导体有限公司,HT-2026-0447,1500000,0.06,90000,1590000,INV-2026-090907,2026-09-23,已回款
R-202609-008,2026-09,研发部,RD,长****工业软件有限公司,HT-2026-0470,900000,0.06,54000,954000,INV-2026-090908,2026-09-30,已确认
R-202608-001,2026-08,销售部,SL,华****科技有限公司,HT-2026-0412,2800000,0.06,168000,2968000,INV-2026-080901,2026-08-15,已回款
R-202608-002,2026-08,销售部,SL,深****智能装备有限公司,HT-2026-0438,2200000,0.06,132000,2332000,INV-2026-080902,2026-08-24,已回款
R-202608-003,2026-08,销售部,SL,苏****新材料股份有限公司,HT-2026-0451,1800000,0.06,108000,1908000,INV-2026-080903,2026-08-31,已回款
R-202608-004,2026-08,市场部,MK,京****电子商务有限公司,HT-2026-0455,1000000,0.06,60000,1060000,INV-2026-080904,2026-08-26,已回款
R-202608-005,2026-08,市场部,MK,蓉****文化传媒有限公司,HT-2026-0461,600000,0.06,36000,636000,INV-2026-080905,2026-08-29,已回款
R-202608-006,2026-08,研发部,RD,汉****半导体有限公司,HT-2026-0447,1100000,0.06,66000,1166000,INV-2026-080906,2026-08-27,已回款
R-202608-007,2026-08,研发部,RD,长****工业软件有限公司,HT-2026-0470,700000,0.06,42000,742000,INV-2026-080907,2026-08-31,已回款
