domain,field,type,level,pii,note
strat,okr_master,table,L2,none,
strat,comp-review-merged,table,L4,salary_merged,
mkt-on,content-calendar,table,L2,none,
mkt-on,leads-pipeline,table,L3,lead_phone,
mkt-off,event-ledger,table,L2,none,
mkt-off,dealer-agreements,table,L3,dealer_terms,
sales,pipeline,table,L2,none,
sales,contracts,table,L3,customer_contract,
fin,expense-claims,table,L3,invoice_taxid,
fin,budget-master,table,L2,none,
rec,candidates,table,L3,candidate_phone;candidate_idcard,
rec,interviews,table,L3,none,
trn,courses,table,L2,none,
trn,certificates,table,L3,cert_id,
prf,kpi-master,table,L2,none,
prf,review-results,table,L4,review_score;review_note,
comp,salary_master,table,L4,salary;bank_account;id_number,
comp,salary-band,table,L4,none,
ben,benefits-plan,table,L2,none,
ben,health-checkups,table,L4,health_data,
admin,purchase-requests,table,L2,none,
admin,asset-register,table,L2,none,
cmp,policies,table,L2,none,
cmp,audit-papers,table,L4,audit_working_papers,
er-eap,cases,table,L4,disciplinary_detail,
