route,type,kind,status,note
#/,dash,route,PASS,
#/audit,audit,route,PASS,
#/deliverables,delivs,route,PASS,
#/admin,overview,route,PASS,
#/admin/t/assets,table,route,PASS,
#/admin/t/purchases,table,route,PASS,
#/admin/w/purchase-approve,workflow,route,PASS,
#/admin/w/seal-request,workflow,route,PASS,
#/admin/w/asset-inventory,workflow,route,PASS,
#/admin/w/meeting-minutes,workflow,route,PASS,
#/admin/w/supply-order,workflow,route,PASS,
#/admin/w/vendor-price,workflow,route,PASS,
#/admin/settings,settings,route,PASS,
#/ben,overview,route,PASS,
#/ben/t/checkup_distribution,table,route,PASS,
#/ben/t/plans,table,route,PASS,
#/ben/t/usage,table,route,PASS,
#/ben/w/vendor-compare,workflow,route,PASS,
#/ben/w/checkup-report,workflow,route,PASS,
#/ben/w/points-calc,workflow,route,PASS,
#/ben/w/plan-enroll,workflow,route,PASS,
#/ben/w/claim-review,workflow,route,PASS,
#/ben/w/annual-survey,workflow,route,PASS,
#/ben/settings,settings,route,PASS,
#/cmp,overview,route,PASS,
#/cmp/t/pipia,table,route,PASS,
#/cmp/t/policy_checklist,table,route,PASS,
#/cmp/w/policy-review,workflow,route,PASS,
#/cmp/w/evidence-pack,workflow,route,PASS,
#/cmp/w/pipia-review,workflow,route,PASS,
#/cmp/w/audit-trail,workflow,route,PASS,
#/cmp/w/training-check,workflow,route,PASS,
#/cmp/w/reg-filing,workflow,route,PASS,
#/cmp/settings,settings,route,PASS,
#/comp,overview,route,PASS,
#/comp/t/adjust_queue,table,route,PASS,
#/comp/t/bands,table,route,PASS,
#/comp/w/salary-adjust,workflow,route,PASS,
#/comp/w/band-report,workflow,route,PASS,
#/comp/w/payroll-recon,workflow,route,PASS,
#/comp/w/compa-ratio,workflow,route,PASS,
#/comp/w/queue-approve,workflow,route,PASS,
#/comp/w/cost-projection,workflow,route,PASS,
#/comp/settings,settings,route,PASS,
#/er-eap,overview,route,PASS,
#/er-eap/t/eap_referrals,table,route,PASS,
#/er-eap/t/er_cases,table,route,PASS,
#/er-eap/w/offboard-approve,workflow,route,PASS,
#/er-eap/w/eap-referral,workflow,route,PASS,
#/er-eap/w/dispute-case,workflow,route,PASS,
#/er-eap/w/exit-interview,workflow,route,PASS,
#/er-eap/w/anon-report,workflow,route,PASS,
#/er-eap/w/wellbeing-check,workflow,route,PASS,
#/er-eap/settings,settings,route,PASS,
#/fin,overview,route,PASS,
#/fin/t/budget,table,route,PASS,
#/fin/t/expenses,table,route,PASS,
#/fin/t/invoices,table,route,PASS,
#/fin/t/revenue_ledger,table,route,PASS,
#/fin/w/expense-approve,workflow,route,PASS,
#/fin/w/monthly-report,workflow,route,PASS,
#/fin/w/budget-review,workflow,route,PASS,
#/fin/w/invoice-check,workflow,route,PASS,
#/fin/w/reimburse-audit,workflow,route,PASS,
#/fin/w/cashflow-week,workflow,route,PASS,
#/fin/settings,settings,route,PASS,
#/mkt-off,overview,route,PASS,
#/mkt-off/t/dealer_agreements,table,route,PASS,
#/mkt-off/t/events,table,route,PASS,
#/mkt-off/t/materials,table,route,PASS,
#/mkt-off/w/event-roi,workflow,route,PASS,
#/mkt-off/w/material-review,workflow,route,PASS,
#/mkt-off/w/event-plan,workflow,route,PASS,
#/mkt-off/w/vendor-brief,workflow,route,PASS,
#/mkt-off/w/booth-approve,workflow,route,PASS,
#/mkt-off/w/lead-handoff,workflow,route,PASS,
#/mkt-off/settings,settings,route,PASS,
#/mkt-on,overview,route,PASS,
#/mkt-on/t/ad_spend,table,route,PASS,
#/mkt-on/t/content_calendar,table,route,PASS,
#/mkt-on/t/leads,table,route,PASS,
#/mkt-on/w/publish-approve,workflow,route,PASS,
#/mkt-on/w/campaign-report,workflow,route,PASS,
#/mkt-on/w/content-calendar,workflow,route,PASS,
#/mkt-on/w/lead-funnel,workflow,route,PASS,
#/mkt-on/w/seo-audit,workflow,route,PASS,
#/mkt-on/w/ad-spend-review,workflow,route,PASS,
#/mkt-on/settings,settings,route,PASS,
#/prf,overview,route,PASS,
#/prf/t/calibration,table,route,PASS,
#/prf/t/kpi,table,route,PASS,
#/prf/w/calibration-approve,workflow,route,PASS,
#/prf/w/cascade-report,workflow,route,PASS,
#/prf/w/kpi-tracking,workflow,route,PASS,
#/prf/w/review-cycle,workflow,route,PASS,
#/prf/w/one-on-one,workflow,route,PASS,
#/prf/w/grade-distribution,workflow,route,PASS,
#/prf/settings,settings,route,PASS,
#/rec,overview,route,PASS,
#/rec/t/candidates,table,route,PASS,
#/rec/t/funnel,table,route,PASS,
#/rec/t/interviews,table,route,PASS,
#/rec/w/funnel-weekly,workflow,route,PASS,
#/rec/w/resume-forward,workflow,route,PASS,
#/rec/w/jd-draft,workflow,route,PASS,
#/rec/w/interview-schedule,workflow,route,PASS,
#/rec/w/offer-approve,workflow,route,PASS,
#/rec/w/onboarding-check,workflow,route,PASS,
#/rec/settings,settings,route,PASS,
#/sales,overview,route,PASS,
#/sales/t/pipeline,table,route,PASS,
#/sales/t/quotes,table,route,PASS,
#/sales/t/targets,table,route,PASS,
#/sales/w/quote-approve,workflow,route,PASS,
#/sales/w/win-review,workflow,route,PASS,
#/sales/w/quote-calc,workflow,route,PASS,
#/sales/w/pipeline-report,workflow,route,PASS,
#/sales/w/contract-review,workflow,route,PASS,
#/sales/w/target-split,workflow,route,PASS,
#/sales/settings,settings,route,PASS,
#/strat,overview,route,PASS,
#/strat/t/okr,table,route,PASS,
#/strat/t/weekly,table,route,PASS,
#/strat/w/quarterly-review,workflow,route,PASS,
#/strat/w/weekly-report,workflow,route,PASS,
#/strat/w/okr-set,workflow,route,PASS,
#/strat/w/competitor-brief,workflow,route,PASS,
#/strat/w/org-inventory,workflow,route,PASS,
#/strat/w/quarter-close,workflow,route,PASS,
#/strat/settings,settings,route,PASS,
#/trn,overview,route,PASS,
#/trn/t/certificates,table,route,PASS,
#/trn/t/courses,table,route,PASS,
#/trn/w/plan-approve,workflow,route,PASS,
#/trn/w/hours-report,workflow,route,PASS,
#/trn/w/course-schedule,workflow,route,PASS,
#/trn/w/cert-expiry,workflow,route,PASS,
#/trn/w/cert-renew,workflow,route,PASS,
#/trn/w/enroll-approve,workflow,route,PASS,
#/trn/settings,settings,route,PASS,
#/admin/t/assets,table,validate-block,PASS,
#/admin/t/assets,table,create-persist,PASS,rows 18→19
#/admin/t/assets,table,audit,PASS,
#/admin/t/purchases,table,validate-block,PASS,
#/admin/t/purchases,table,create-persist,PASS,rows 16→17
#/admin/t/purchases,table,audit,PASS,
#/ben/t/checkup_distribution,table,validate-block,PASS,
#/ben/t/checkup_distribution,table,create-persist,PASS,rows 16→17
#/ben/t/checkup_distribution,table,audit,PASS,
#/ben/t/plans,table,validate-block,PASS,
#/ben/t/plans,table,create-persist,PASS,rows 14→15
#/ben/t/plans,table,audit,PASS,
#/ben/t/usage,table,validate-block,PASS,
#/ben/t/usage,table,create-persist,PASS,rows 14→15
#/ben/t/usage,table,audit,PASS,
#/cmp/t/pipia,table,validate-block,PASS,
#/cmp/t/pipia,table,create-persist,PASS,rows 14→15
#/cmp/t/pipia,table,audit,PASS,
#/cmp/t/policy_checklist,table,validate-block,PASS,
#/cmp/t/policy_checklist,table,create-persist,PASS,rows 20→21
#/cmp/t/policy_checklist,table,audit,PASS,
#/comp/t/adjust_queue,table,validate-block,PASS,
#/comp/t/adjust_queue,table,create-persist,PASS,rows 16→17
#/comp/t/adjust_queue,table,audit,PASS,
#/comp/t/bands,table,validate-block,PASS,
#/comp/t/bands,table,create-persist,PASS,rows 12→13
#/comp/t/bands,table,audit,PASS,
#/er-eap/t/eap_referrals,table,validate-block,PASS,
#/er-eap/t/eap_referrals,table,create-persist,PASS,rows 16→17
#/er-eap/t/eap_referrals,table,audit,PASS,
#/er-eap/t/er_cases,table,validate-block,PASS,
#/er-eap/t/er_cases,table,create-persist,PASS,rows 13→14
#/er-eap/t/er_cases,table,audit,PASS,
#/fin/t/budget,table,validate-block,PASS,
#/fin/t/budget,table,create-persist,PASS,rows 12→13
#/fin/t/budget,table,audit,PASS,
#/fin/t/expenses,table,validate-block,PASS,
#/fin/t/expenses,table,create-persist,PASS,rows 29→30
#/fin/t/expenses,table,audit,PASS,
#/fin/t/invoices,table,validate-block,PASS,
#/fin/t/invoices,table,create-persist,PASS,rows 19→20
#/fin/t/invoices,table,audit,PASS,
#/fin/t/revenue_ledger,table,validate-block,PASS,
#/fin/t/revenue_ledger,table,create-persist,PASS,rows 15→16
#/fin/t/revenue_ledger,table,audit,PASS,
#/mkt-off/t/dealer_agreements,table,validate-block,PASS,
#/mkt-off/t/dealer_agreements,table,create-persist,PASS,rows 12→13
#/mkt-off/t/dealer_agreements,table,audit,PASS,
#/mkt-off/t/events,table,validate-block,PASS,
#/mkt-off/t/events,table,create-persist,PASS,rows 16→17
#/mkt-off/t/events,table,audit,PASS,
#/mkt-off/t/materials,table,validate-block,PASS,
#/mkt-off/t/materials,table,create-persist,PASS,rows 14→15
#/mkt-off/t/materials,table,audit,PASS,
#/mkt-on/t/ad_spend,table,validate-block,PASS,
#/mkt-on/t/ad_spend,table,create-persist,PASS,rows 12→13
#/mkt-on/t/ad_spend,table,audit,PASS,
#/mkt-on/t/content_calendar,table,validate-block,PASS,
#/mkt-on/t/content_calendar,table,create-persist,PASS,rows 15→16
#/mkt-on/t/content_calendar,table,audit,PASS,
#/mkt-on/t/leads,table,validate-block,PASS,
#/mkt-on/t/leads,table,create-persist,PASS,rows 20→21
#/mkt-on/t/leads,table,audit,PASS,
#/prf/t/calibration,table,validate-block,PASS,
#/prf/t/calibration,table,create-persist,PASS,rows 16→17
#/prf/t/calibration,table,audit,PASS,
#/prf/t/kpi,table,validate-block,PASS,
#/prf/t/kpi,table,create-persist,PASS,rows 16→17
#/prf/t/kpi,table,audit,PASS,
#/rec/t/candidates,table,validate-block,PASS,
#/rec/t/candidates,table,create-persist,PASS,rows 14→15
#/rec/t/candidates,table,audit,PASS,
#/rec/t/funnel,table,validate-block,PASS,
#/rec/t/funnel,table,create-persist,PASS,rows 15→16
#/rec/t/funnel,table,audit,PASS,
#/rec/t/interviews,table,validate-block,PASS,
#/rec/t/interviews,table,create-persist,PASS,rows 21→22
#/rec/t/interviews,table,audit,PASS,
#/sales/t/pipeline,table,validate-block,PASS,
#/sales/t/pipeline,table,create-persist,PASS,rows 20→21
#/sales/t/pipeline,table,audit,PASS,
#/sales/t/quotes,table,validate-block,PASS,
#/sales/t/quotes,table,create-persist,PASS,rows 15→16
#/sales/t/quotes,table,audit,PASS,
#/sales/t/targets,table,validate-block,PASS,
#/sales/t/targets,table,create-persist,PASS,rows 12→13
#/sales/t/targets,table,audit,PASS,
#/strat/t/okr,table,validate-block,PASS,
#/strat/t/okr,table,create-persist,PASS,rows 18→19
#/strat/t/okr,table,audit,PASS,
#/strat/t/weekly,table,validate-block,PASS,
#/strat/t/weekly,table,create-persist,PASS,rows 12→13
#/strat/t/weekly,table,audit,PASS,
#/trn/t/certificates,table,validate-block,PASS,
#/trn/t/certificates,table,create-persist,PASS,rows 14→15
#/trn/t/certificates,table,audit,PASS,
#/trn/t/courses,table,validate-block,PASS,
#/trn/t/courses,table,create-persist,PASS,rows 18→19
#/trn/t/courses,table,audit,PASS,
#/admin/w/purchase-approve,workflow,start-advance,PASS,step=3
#/admin/w/purchase-approve,workflow,audit-grew,PASS,33→35
#/admin/w/purchase-approve,workflow,reject-needs-reason,PASS,
#/admin/w/purchase-approve,workflow,reject-applied,PASS,status=rejected
#/admin/w/seal-request,workflow,start-advance,PASS,step=3
#/admin/w/seal-request,workflow,audit-grew,PASS,37→39
#/admin/w/seal-request,workflow,reject-needs-reason,PASS,
#/admin/w/seal-request,workflow,reject-applied,PASS,status=rejected
#/admin/w/asset-inventory,workflow,start-advance,PASS,step=3
#/admin/w/asset-inventory,workflow,audit-grew,PASS,41→43
#/admin/w/asset-inventory,workflow,reject-needs-reason,PASS,
#/admin/w/asset-inventory,workflow,reject-applied,PASS,status=rejected
#/admin/w/meeting-minutes,workflow,start-advance,PASS,step=3
#/admin/w/meeting-minutes,workflow,audit-grew,PASS,45→47
#/admin/w/meeting-minutes,workflow,reject-needs-reason,PASS,
#/admin/w/meeting-minutes,workflow,reject-applied,PASS,status=rejected
#/admin/w/supply-order,workflow,start-advance,PASS,step=3
#/admin/w/supply-order,workflow,audit-grew,PASS,49→51
#/admin/w/supply-order,workflow,reject-needs-reason,PASS,
#/admin/w/supply-order,workflow,reject-applied,PASS,status=rejected
#/admin/w/vendor-price,workflow,start-advance,PASS,step=3
#/admin/w/vendor-price,workflow,audit-grew,PASS,53→55
#/admin/w/vendor-price,workflow,reject-needs-reason,PASS,
#/admin/w/vendor-price,workflow,reject-applied,PASS,status=rejected
#/ben/w/vendor-compare,workflow,start-advance,PASS,step=3
#/ben/w/vendor-compare,workflow,audit-grew,PASS,57→59
#/ben/w/vendor-compare,workflow,reject-needs-reason,PASS,
#/ben/w/vendor-compare,workflow,reject-applied,PASS,status=rejected
#/ben/w/checkup-report,workflow,start-advance,PASS,step=3
#/ben/w/checkup-report,workflow,audit-grew,PASS,61→63
#/ben/w/checkup-report,workflow,reject-needs-reason,PASS,
#/ben/w/checkup-report,workflow,reject-applied,PASS,status=rejected
#/ben/w/points-calc,workflow,start-advance,PASS,step=3
#/ben/w/points-calc,workflow,audit-grew,PASS,65→67
#/ben/w/points-calc,workflow,reject-needs-reason,PASS,
#/ben/w/points-calc,workflow,reject-applied,PASS,status=rejected
#/ben/w/plan-enroll,workflow,start-advance,PASS,step=3
#/ben/w/plan-enroll,workflow,audit-grew,PASS,69→71
#/ben/w/plan-enroll,workflow,reject-needs-reason,PASS,
#/ben/w/plan-enroll,workflow,reject-applied,PASS,status=rejected
#/ben/w/claim-review,workflow,start-advance,PASS,step=3
#/ben/w/claim-review,workflow,audit-grew,PASS,73→75
#/ben/w/claim-review,workflow,reject-needs-reason,PASS,
#/ben/w/claim-review,workflow,reject-applied,PASS,status=rejected
#/ben/w/annual-survey,workflow,start-advance,PASS,step=3
#/ben/w/annual-survey,workflow,audit-grew,PASS,77→79
#/ben/w/annual-survey,workflow,reject-needs-reason,PASS,
#/ben/w/annual-survey,workflow,reject-applied,PASS,status=rejected
#/cmp/w/policy-review,workflow,start-advance,PASS,step=3
#/cmp/w/policy-review,workflow,audit-grew,PASS,81→83
#/cmp/w/policy-review,workflow,reject-needs-reason,PASS,
#/cmp/w/policy-review,workflow,reject-applied,PASS,status=rejected
#/cmp/w/evidence-pack,workflow,start-advance,PASS,step=3
#/cmp/w/evidence-pack,workflow,audit-grew,PASS,85→87
#/cmp/w/evidence-pack,workflow,reject-needs-reason,PASS,
#/cmp/w/evidence-pack,workflow,reject-applied,PASS,status=rejected
#/cmp/w/pipia-review,workflow,start-advance,PASS,step=3
#/cmp/w/pipia-review,workflow,audit-grew,PASS,89→91
#/cmp/w/pipia-review,workflow,reject-needs-reason,PASS,
#/cmp/w/pipia-review,workflow,reject-applied,PASS,status=rejected
#/cmp/w/audit-trail,workflow,start-advance,PASS,step=3
#/cmp/w/audit-trail,workflow,audit-grew,PASS,93→95
#/cmp/w/audit-trail,workflow,reject-needs-reason,PASS,
#/cmp/w/audit-trail,workflow,reject-applied,PASS,status=rejected
#/cmp/w/training-check,workflow,start-advance,PASS,step=3
#/cmp/w/training-check,workflow,audit-grew,PASS,97→99
#/cmp/w/training-check,workflow,reject-needs-reason,PASS,
#/cmp/w/training-check,workflow,reject-applied,PASS,status=rejected
#/cmp/w/reg-filing,workflow,start-advance,PASS,step=3
#/cmp/w/reg-filing,workflow,audit-grew,PASS,101→103
#/cmp/w/reg-filing,workflow,reject-needs-reason,PASS,
#/cmp/w/reg-filing,workflow,reject-applied,PASS,status=rejected
#/comp/w/salary-adjust,workflow,start-advance,PASS,step=3
#/comp/w/salary-adjust,workflow,audit-grew,PASS,105→107
#/comp/w/salary-adjust,workflow,reject-needs-reason,PASS,
#/comp/w/salary-adjust,workflow,reject-applied,PASS,status=rejected
#/comp/w/band-report,workflow,start-advance,PASS,step=3
#/comp/w/band-report,workflow,audit-grew,PASS,109→111
#/comp/w/band-report,workflow,reject-needs-reason,PASS,
#/comp/w/band-report,workflow,reject-applied,PASS,status=rejected
#/comp/w/payroll-recon,workflow,start-advance,PASS,step=3
#/comp/w/payroll-recon,workflow,audit-grew,PASS,113→115
#/comp/w/payroll-recon,workflow,reject-needs-reason,PASS,
#/comp/w/payroll-recon,workflow,reject-applied,PASS,status=rejected
#/comp/w/compa-ratio,workflow,start-advance,PASS,step=3
#/comp/w/compa-ratio,workflow,audit-grew,PASS,117→119
#/comp/w/compa-ratio,workflow,reject-needs-reason,PASS,
#/comp/w/compa-ratio,workflow,reject-applied,PASS,status=rejected
#/comp/w/queue-approve,workflow,start-advance,PASS,step=3
#/comp/w/queue-approve,workflow,audit-grew,PASS,121→123
#/comp/w/queue-approve,workflow,reject-needs-reason,PASS,
#/comp/w/queue-approve,workflow,reject-applied,PASS,status=rejected
#/comp/w/cost-projection,workflow,start-advance,PASS,step=3
#/comp/w/cost-projection,workflow,audit-grew,PASS,125→127
#/comp/w/cost-projection,workflow,reject-needs-reason,PASS,
#/comp/w/cost-projection,workflow,reject-applied,PASS,status=rejected
#/er-eap/w/offboard-approve,workflow,start-advance,PASS,step=3
#/er-eap/w/offboard-approve,workflow,audit-grew,PASS,129→131
#/er-eap/w/offboard-approve,workflow,reject-needs-reason,PASS,
#/er-eap/w/offboard-approve,workflow,reject-applied,PASS,status=rejected
#/er-eap/w/eap-referral,workflow,start-advance,PASS,step=3
#/er-eap/w/eap-referral,workflow,audit-grew,PASS,133→135
#/er-eap/w/eap-referral,workflow,reject-needs-reason,PASS,
#/er-eap/w/eap-referral,workflow,reject-applied,PASS,status=rejected
#/er-eap/w/dispute-case,workflow,start-advance,PASS,step=3
#/er-eap/w/dispute-case,workflow,audit-grew,PASS,137→139
#/er-eap/w/dispute-case,workflow,reject-needs-reason,PASS,
#/er-eap/w/dispute-case,workflow,reject-applied,PASS,status=rejected
#/er-eap/w/exit-interview,workflow,start-advance,PASS,step=3
#/er-eap/w/exit-interview,workflow,audit-grew,PASS,141→143
#/er-eap/w/exit-interview,workflow,reject-needs-reason,PASS,
#/er-eap/w/exit-interview,workflow,reject-applied,PASS,status=rejected
#/er-eap/w/anon-report,workflow,start-advance,PASS,step=3
#/er-eap/w/anon-report,workflow,audit-grew,PASS,145→147
#/er-eap/w/anon-report,workflow,reject-needs-reason,PASS,
#/er-eap/w/anon-report,workflow,reject-applied,PASS,status=rejected
#/er-eap/w/wellbeing-check,workflow,start-advance,PASS,step=3
#/er-eap/w/wellbeing-check,workflow,audit-grew,PASS,149→151
#/er-eap/w/wellbeing-check,workflow,reject-needs-reason,PASS,
#/er-eap/w/wellbeing-check,workflow,reject-applied,PASS,status=rejected
#/fin/w/expense-approve,workflow,start-advance,PASS,step=3
#/fin/w/expense-approve,workflow,audit-grew,PASS,153→155
#/fin/w/expense-approve,workflow,reject-needs-reason,PASS,
#/fin/w/expense-approve,workflow,reject-applied,PASS,status=rejected
#/fin/w/monthly-report,workflow,start-advance,PASS,step=3
#/fin/w/monthly-report,workflow,audit-grew,PASS,157→159
#/fin/w/monthly-report,workflow,reject-needs-reason,PASS,
#/fin/w/monthly-report,workflow,reject-applied,PASS,status=rejected
#/fin/w/budget-review,workflow,start-advance,PASS,step=3
#/fin/w/budget-review,workflow,audit-grew,PASS,161→163
#/fin/w/budget-review,workflow,reject-needs-reason,PASS,
#/fin/w/budget-review,workflow,reject-applied,PASS,status=rejected
#/fin/w/invoice-check,workflow,start-advance,PASS,step=3
#/fin/w/invoice-check,workflow,audit-grew,PASS,165→167
#/fin/w/invoice-check,workflow,reject-needs-reason,PASS,
#/fin/w/invoice-check,workflow,reject-applied,PASS,status=rejected
#/fin/w/reimburse-audit,workflow,start-advance,PASS,step=3
#/fin/w/reimburse-audit,workflow,audit-grew,PASS,169→171
#/fin/w/reimburse-audit,workflow,reject-needs-reason,PASS,
#/fin/w/reimburse-audit,workflow,reject-applied,PASS,status=rejected
#/fin/w/cashflow-week,workflow,start-advance,PASS,step=3
#/fin/w/cashflow-week,workflow,audit-grew,PASS,173→175
#/fin/w/cashflow-week,workflow,reject-needs-reason,PASS,
#/fin/w/cashflow-week,workflow,reject-applied,PASS,status=rejected
#/mkt-off/w/event-roi,workflow,start-advance,PASS,step=3
#/mkt-off/w/event-roi,workflow,audit-grew,PASS,177→179
#/mkt-off/w/event-roi,workflow,reject-needs-reason,PASS,
#/mkt-off/w/event-roi,workflow,reject-applied,PASS,status=rejected
#/mkt-off/w/material-review,workflow,start-advance,PASS,step=3
#/mkt-off/w/material-review,workflow,audit-grew,PASS,181→183
#/mkt-off/w/material-review,workflow,reject-needs-reason,PASS,
#/mkt-off/w/material-review,workflow,reject-applied,PASS,status=rejected
#/mkt-off/w/event-plan,workflow,start-advance,PASS,step=3
#/mkt-off/w/event-plan,workflow,audit-grew,PASS,185→187
#/mkt-off/w/event-plan,workflow,reject-needs-reason,PASS,
#/mkt-off/w/event-plan,workflow,reject-applied,PASS,status=rejected
#/mkt-off/w/vendor-brief,workflow,start-advance,PASS,step=3
#/mkt-off/w/vendor-brief,workflow,audit-grew,PASS,189→191
#/mkt-off/w/vendor-brief,workflow,reject-needs-reason,PASS,
#/mkt-off/w/vendor-brief,workflow,reject-applied,PASS,status=rejected
#/mkt-off/w/booth-approve,workflow,start-advance,PASS,step=3
#/mkt-off/w/booth-approve,workflow,audit-grew,PASS,193→195
#/mkt-off/w/booth-approve,workflow,reject-needs-reason,PASS,
#/mkt-off/w/booth-approve,workflow,reject-applied,PASS,status=rejected
#/mkt-off/w/lead-handoff,workflow,start-advance,PASS,step=3
#/mkt-off/w/lead-handoff,workflow,audit-grew,PASS,197→199
#/mkt-off/w/lead-handoff,workflow,reject-needs-reason,PASS,
#/mkt-off/w/lead-handoff,workflow,reject-applied,PASS,status=rejected
#/mkt-on/w/publish-approve,workflow,start-advance,PASS,step=3
#/mkt-on/w/publish-approve,workflow,audit-grew,PASS,201→203
#/mkt-on/w/publish-approve,workflow,reject-needs-reason,PASS,
#/mkt-on/w/publish-approve,workflow,reject-applied,PASS,status=rejected
#/mkt-on/w/campaign-report,workflow,start-advance,PASS,step=3
#/mkt-on/w/campaign-report,workflow,audit-grew,PASS,205→207
#/mkt-on/w/campaign-report,workflow,reject-needs-reason,PASS,
#/mkt-on/w/campaign-report,workflow,reject-applied,PASS,status=rejected
#/mkt-on/w/content-calendar,workflow,start-advance,PASS,step=3
#/mkt-on/w/content-calendar,workflow,audit-grew,PASS,209→211
#/mkt-on/w/content-calendar,workflow,reject-needs-reason,PASS,
#/mkt-on/w/content-calendar,workflow,reject-applied,PASS,status=rejected
#/mkt-on/w/lead-funnel,workflow,start-advance,PASS,step=3
#/mkt-on/w/lead-funnel,workflow,audit-grew,PASS,213→215
#/mkt-on/w/lead-funnel,workflow,reject-needs-reason,PASS,
#/mkt-on/w/lead-funnel,workflow,reject-applied,PASS,status=rejected
#/mkt-on/w/seo-audit,workflow,start-advance,PASS,step=3
#/mkt-on/w/seo-audit,workflow,audit-grew,PASS,217→219
#/mkt-on/w/seo-audit,workflow,reject-needs-reason,PASS,
#/mkt-on/w/seo-audit,workflow,reject-applied,PASS,status=rejected
#/mkt-on/w/ad-spend-review,workflow,start-advance,PASS,step=3
#/mkt-on/w/ad-spend-review,workflow,audit-grew,PASS,221→223
#/mkt-on/w/ad-spend-review,workflow,reject-needs-reason,PASS,
#/mkt-on/w/ad-spend-review,workflow,reject-applied,PASS,status=rejected
#/prf/w/calibration-approve,workflow,start-advance,PASS,step=3
#/prf/w/calibration-approve,workflow,audit-grew,PASS,225→227
#/prf/w/calibration-approve,workflow,reject-needs-reason,PASS,
#/prf/w/calibration-approve,workflow,reject-applied,PASS,status=rejected
#/prf/w/cascade-report,workflow,start-advance,PASS,step=3
#/prf/w/cascade-report,workflow,audit-grew,PASS,229→231
#/prf/w/cascade-report,workflow,reject-needs-reason,PASS,
#/prf/w/cascade-report,workflow,reject-applied,PASS,status=rejected
#/prf/w/kpi-tracking,workflow,start-advance,PASS,step=3
#/prf/w/kpi-tracking,workflow,audit-grew,PASS,233→235
#/prf/w/kpi-tracking,workflow,reject-needs-reason,PASS,
#/prf/w/kpi-tracking,workflow,reject-applied,PASS,status=rejected
#/prf/w/review-cycle,workflow,start-advance,PASS,step=3
#/prf/w/review-cycle,workflow,audit-grew,PASS,237→239
#/prf/w/review-cycle,workflow,reject-needs-reason,PASS,
#/prf/w/review-cycle,workflow,reject-applied,PASS,status=rejected
#/prf/w/one-on-one,workflow,start-advance,PASS,step=3
#/prf/w/one-on-one,workflow,audit-grew,PASS,241→243
#/prf/w/one-on-one,workflow,reject-needs-reason,PASS,
#/prf/w/one-on-one,workflow,reject-applied,PASS,status=rejected
#/prf/w/grade-distribution,workflow,start-advance,PASS,step=3
#/prf/w/grade-distribution,workflow,audit-grew,PASS,245→247
#/prf/w/grade-distribution,workflow,reject-needs-reason,PASS,
#/prf/w/grade-distribution,workflow,reject-applied,PASS,status=rejected
#/rec/w/funnel-weekly,workflow,start-advance,PASS,step=3
#/rec/w/funnel-weekly,workflow,audit-grew,PASS,249→251
#/rec/w/funnel-weekly,workflow,reject-needs-reason,PASS,
#/rec/w/funnel-weekly,workflow,reject-applied,PASS,status=rejected
#/rec/w/resume-forward,workflow,start-advance,PASS,step=3
#/rec/w/resume-forward,workflow,audit-grew,PASS,253→255
#/rec/w/resume-forward,workflow,reject-needs-reason,PASS,
#/rec/w/resume-forward,workflow,reject-applied,PASS,status=rejected
#/rec/w/jd-draft,workflow,start-advance,PASS,step=3
#/rec/w/jd-draft,workflow,audit-grew,PASS,257→259
#/rec/w/jd-draft,workflow,reject-needs-reason,PASS,
#/rec/w/jd-draft,workflow,reject-applied,PASS,status=rejected
#/rec/w/interview-schedule,workflow,start-advance,PASS,step=3
#/rec/w/interview-schedule,workflow,audit-grew,PASS,261→263
#/rec/w/interview-schedule,workflow,reject-needs-reason,PASS,
#/rec/w/interview-schedule,workflow,reject-applied,PASS,status=rejected
#/rec/w/offer-approve,workflow,start-advance,PASS,step=3
#/rec/w/offer-approve,workflow,audit-grew,PASS,265→267
#/rec/w/offer-approve,workflow,reject-needs-reason,PASS,
#/rec/w/offer-approve,workflow,reject-applied,PASS,status=rejected
#/rec/w/onboarding-check,workflow,start-advance,PASS,step=3
#/rec/w/onboarding-check,workflow,audit-grew,PASS,269→271
#/rec/w/onboarding-check,workflow,reject-needs-reason,PASS,
#/rec/w/onboarding-check,workflow,reject-applied,PASS,status=rejected
#/sales/w/quote-approve,workflow,start-advance,PASS,step=3
#/sales/w/quote-approve,workflow,audit-grew,PASS,273→275
#/sales/w/quote-approve,workflow,reject-needs-reason,PASS,
#/sales/w/quote-approve,workflow,reject-applied,PASS,status=rejected
#/sales/w/win-review,workflow,start-advance,PASS,step=3
#/sales/w/win-review,workflow,audit-grew,PASS,277→279
#/sales/w/win-review,workflow,reject-needs-reason,PASS,
#/sales/w/win-review,workflow,reject-applied,PASS,status=rejected
#/sales/w/quote-calc,workflow,start-advance,PASS,step=3
#/sales/w/quote-calc,workflow,audit-grew,PASS,281→283
#/sales/w/quote-calc,workflow,reject-needs-reason,PASS,
#/sales/w/quote-calc,workflow,reject-applied,PASS,status=rejected
#/sales/w/pipeline-report,workflow,start-advance,PASS,step=3
#/sales/w/pipeline-report,workflow,audit-grew,PASS,285→287
#/sales/w/pipeline-report,workflow,reject-needs-reason,PASS,
#/sales/w/pipeline-report,workflow,reject-applied,PASS,status=rejected
#/sales/w/contract-review,workflow,start-advance,PASS,step=3
#/sales/w/contract-review,workflow,audit-grew,PASS,289→291
#/sales/w/contract-review,workflow,reject-needs-reason,PASS,
#/sales/w/contract-review,workflow,reject-applied,PASS,status=rejected
#/sales/w/target-split,workflow,start-advance,PASS,step=3
#/sales/w/target-split,workflow,audit-grew,PASS,293→295
#/sales/w/target-split,workflow,reject-needs-reason,PASS,
#/sales/w/target-split,workflow,reject-applied,PASS,status=rejected
#/strat/w/quarterly-review,workflow,start-advance,PASS,step=3
#/strat/w/quarterly-review,workflow,audit-grew,PASS,297→299
#/strat/w/quarterly-review,workflow,reject-needs-reason,PASS,
#/strat/w/quarterly-review,workflow,reject-applied,PASS,status=rejected
#/strat/w/weekly-report,workflow,start-advance,PASS,step=3
#/strat/w/weekly-report,workflow,audit-grew,PASS,301→303
#/strat/w/weekly-report,workflow,reject-needs-reason,PASS,
#/strat/w/weekly-report,workflow,reject-applied,PASS,status=rejected
#/strat/w/okr-set,workflow,start-advance,PASS,step=3
#/strat/w/okr-set,workflow,audit-grew,PASS,305→307
#/strat/w/okr-set,workflow,reject-needs-reason,PASS,
#/strat/w/okr-set,workflow,reject-applied,PASS,status=rejected
#/strat/w/competitor-brief,workflow,start-advance,PASS,step=3
#/strat/w/competitor-brief,workflow,audit-grew,PASS,309→311
#/strat/w/competitor-brief,workflow,reject-needs-reason,PASS,
#/strat/w/competitor-brief,workflow,reject-applied,PASS,status=rejected
#/strat/w/org-inventory,workflow,start-advance,PASS,step=3
#/strat/w/org-inventory,workflow,audit-grew,PASS,313→315
#/strat/w/org-inventory,workflow,reject-needs-reason,PASS,
#/strat/w/org-inventory,workflow,reject-applied,PASS,status=rejected
#/strat/w/quarter-close,workflow,start-advance,PASS,step=3
#/strat/w/quarter-close,workflow,audit-grew,PASS,317→319
#/strat/w/quarter-close,workflow,reject-needs-reason,PASS,
#/strat/w/quarter-close,workflow,reject-applied,PASS,status=rejected
#/trn/w/plan-approve,workflow,start-advance,PASS,step=3
#/trn/w/plan-approve,workflow,audit-grew,PASS,321→323
#/trn/w/plan-approve,workflow,reject-needs-reason,PASS,
#/trn/w/plan-approve,workflow,reject-applied,PASS,status=rejected
#/trn/w/hours-report,workflow,start-advance,PASS,step=3
#/trn/w/hours-report,workflow,audit-grew,PASS,325→327
#/trn/w/hours-report,workflow,reject-needs-reason,PASS,
#/trn/w/hours-report,workflow,reject-applied,PASS,status=rejected
#/trn/w/course-schedule,workflow,start-advance,PASS,step=3
#/trn/w/course-schedule,workflow,audit-grew,PASS,329→331
#/trn/w/course-schedule,workflow,reject-needs-reason,PASS,
#/trn/w/course-schedule,workflow,reject-applied,PASS,status=rejected
#/trn/w/cert-expiry,workflow,start-advance,PASS,step=3
#/trn/w/cert-expiry,workflow,audit-grew,PASS,333→335
#/trn/w/cert-expiry,workflow,reject-needs-reason,PASS,
#/trn/w/cert-expiry,workflow,reject-applied,PASS,status=rejected
#/trn/w/cert-renew,workflow,start-advance,PASS,step=3
#/trn/w/cert-renew,workflow,audit-grew,PASS,337→339
#/trn/w/cert-renew,workflow,reject-needs-reason,PASS,
#/trn/w/cert-renew,workflow,reject-applied,PASS,status=rejected
#/trn/w/enroll-approve,workflow,start-advance,PASS,step=3
#/trn/w/enroll-approve,workflow,audit-grew,PASS,341→343
#/trn/w/enroll-approve,workflow,reject-needs-reason,PASS,
#/trn/w/enroll-approve,workflow,reject-applied,PASS,status=rejected