gt_id,scene_id,domain,octet_missing,skill,skill_in_scene,workflow
"GT-ADMIN-01","admin.procurement@1.0.0","ADMIN","","purchase-compare","true","admin.purchase-approve@1.0.0"
"GT-ADMIN-02","admin.procurement@1.0.0","ADMIN","","asset-inventory","true","admin.asset-inventory@1.0.0"
"GT-ADMIN-03","admin.procurement@1.0.0","ADMIN","","meeting-minutes","true","admin.meeting-minutes@1.0.0"
"GT-BEN-01","ben.plan-compare@1.0.0","BEN","","plan-compare","true","ben.vendor-compare@1.0.0"
"GT-BEN-02","ben.plan-compare@1.0.0","BEN","","checkup-report","true","ben.checkup-report@1.0.0"
"GT-BEN-03","ben.plan-compare@1.0.0","BEN","","flex-benefit","true","ben.points-calc@1.0.0"
"GT-CMP-01","cmp.policy-review@1.0.0","CMP","","policy-checklist","true","cmp.policy-review@1.0.0"
"GT-CMP-02","cmp.policy-review@1.0.0","CMP","","pipia-list","true","cmp.pipia-review@1.0.0"
"GT-CMP-03","cmp.policy-review@1.0.0","CMP","","evidence-pack","true","cmp.evidence-pack@1.0.0"
"GT-COMP-01","comp.salary-review@1.0.0","COMP","","band-analysis","true","comp.salary-adjust@1.0.0"
"GT-COMP-02","comp.salary-review@1.0.0","COMP","","payroll-recon","true","comp.payroll-recon@1.0.0"
"GT-COMP-03","comp.salary-review@1.0.0","COMP","","compa-ratio","true","comp.compa-ratio@1.0.0"
"GT-ER-01","eap.referral@1.0.0","ER","","offboarding-flow","true","er-eap.offboard-approve@1.0.0"
"GT-ER-02","eap.referral@1.0.0","ER","","offboarding-flow","true","er-eap.exit-interview@1.0.0"
"GT-EAP-01","eap.referral@1.0.0","ER","","eap-referral","true","er-eap.eap-referral@1.0.0"
"GT-ER-01","er.offboarding@1.0.0","ER","","offboarding-flow","true","er-eap.offboard-approve@1.0.0"
"GT-ER-02","er.offboarding@1.0.0","ER","","offboarding-flow","true","er-eap.exit-interview@1.0.0"
"GT-EAP-01","er.offboarding@1.0.0","ER","","eap-referral","true","er-eap.eap-referral@1.0.0"
"GT-FIN-01","fin.expense-approve@1.0.0","FIN","","expense-precheck","true","fin.expense-approve@1.0.0"
"GT-FIN-02","fin.expense-approve@1.0.0","FIN","","budget-analysis","true","fin.monthly-report@1.0.0"
"GT-FIN-03","fin.expense-approve@1.0.0","FIN","","invoice-check","true","fin.invoice-check@1.0.0"
"GT-MKTOFF-01","mkt-off.event-roi@1.0.0","MKT","","event-plan","true","mkt-off.event-plan@1.0.0"
"GT-MKTOFF-02","mkt-off.event-roi@1.0.0","MKT","","material-compliance","true","mkt-off.material-review@1.0.0"
"GT-MKTOFF-03","mkt-off.event-roi@1.0.0","MKT","","roi-review","true","mkt-off.event-roi@1.0.0"
"GT-MKTON-01","mkt-on.content-publish@1.0.0","MKT","","content-gen","true","mkt-on.publish-approve@1.0.0"
"GT-MKTON-02","mkt-on.content-publish@1.0.0","MKT","","ad-analysis","true","mkt-on.campaign-report@1.0.0"
"GT-MKTON-03","mkt-on.content-publish@1.0.0","MKT","","seo-audit","true","mkt-on.seo-audit@1.0.0"
"GT-PRF-01","prf.calibration@1.0.0","PRF","","kpi-track","true","prf.kpi-tracking@1.0.0"
"GT-PRF-02","prf.calibration@1.0.0","PRF","","calibration-analysis","true","prf.calibration-approve@1.0.0"
"GT-PRF-03","prf.calibration@1.0.0","PRF","","goal-cascade","true","prf.cascade-report@1.0.0"
"GT-REC-01","rec.funnel-weekly@1.0.0","REC","","funnel-analysis","true","rec.funnel-weekly@1.0.0"
"GT-REC-02","rec.funnel-weekly@1.0.0","REC","","jd-gen","true","rec.resume-forward@1.0.0"
"GT-REC-03","rec.funnel-weekly@1.0.0","REC","","interview-summary","true","rec.interview-schedule@1.0.0"
"GT-SALES-01","sales.quote-approval@1.0.0","SALES","","quote-calc","true","sales.quote-calc@1.0.0"
"GT-SALES-02","sales.quote-approval@1.0.0","SALES","","win-review","true","sales.win-review@1.0.0"
"GT-SALES-03","sales.quote-approval@1.0.0","SALES","","quota-dashboard","true","sales.pipeline-report@1.0.0"
"GT-STRAT-01","strat.quarterly-review@1.0.0","STRAT","","strategy-decode","true","strat.quarterly-review@1.0.0"
"GT-STRAT-02","strat.quarterly-review@1.0.0","STRAT","","biz-analysis","true","strat.weekly-report@1.0.0"
"GT-STRAT-03","strat.quarterly-review@1.0.0","STRAT","","competitor-watch","true","strat.competitor-brief@1.0.0"
"GT-TRN-01","trn.plan-approve@1.0.0","TRN","","course-schedule","true","trn.course-schedule@1.0.0"
"GT-TRN-02","trn.plan-approve@1.0.0","TRN","","hour-stats","true","trn.hours-report@1.0.0"
"GT-TRN-03","trn.plan-approve@1.0.0","TRN","","cert-expiry","true","trn.cert-expiry@1.0.0"
