ts,gt_id,scene_id,domain,skill,workflow,pass,engine_ok,engine_err,artifact_bytes,struct_ok,missing_fields,tokens,cost,ms,model
"2026-09-29T04:49:02.605Z","GT-ADMIN-01","admin.procurement@1.0.0","ADMIN","purchase-compare","admin.purchase-approve@1.0.0","false","false","spawnSync pi ENOENT","0","false","","0","0","6",""
"2026-09-29T04:49:56.728Z","GT-ADMIN-01","admin.procurement@1.0.0","ADMIN","purchase-compare","admin.purchase-approve@1.0.0","true","true","","4235","true","","58637","0.0037254799999999998","22479","deepseek-v4-flash"
"2026-09-29T04:59:33.793Z","GT-ADMIN-02","admin.procurement@1.0.0","ADMIN","asset-inventory","admin.asset-inventory@1.0.0","true","true","","4051","true","","56849","0.0035294159999999996","15700","deepseek-v4-flash"
"2026-09-29T05:16:41.631Z","GT-ADMIN-01","admin.procurement@1.0.0","ADMIN","purchase-compare","admin.purchase-approve@1.0.0","true","true","","5946","true","","58574","0.002866512","21932","deepseek-v4-flash"
"2026-09-29T05:16:41.631Z","GT-ADMIN-02","admin.procurement@1.0.0","ADMIN","asset-inventory","admin.asset-inventory@1.0.0","true","true","","3945","true","","56386","0.003311616","14366","deepseek-v4-flash"
"2026-09-29T05:16:41.631Z","GT-ADMIN-03","admin.procurement@1.0.0","ADMIN","meeting-minutes","admin.meeting-minutes@1.0.0","true","true","","6295","true","","59897","0.010436008","28374","deepseek-v4-flash"
"2026-09-29T05:16:41.631Z","GT-BEN-01","ben.plan-compare@1.0.0","BEN","plan-compare","ben.vendor-compare@1.0.0","true","true","","4346","true","","58462","0.0030007999999999996","23039","deepseek-v4-flash"
"2026-09-29T05:16:41.631Z","GT-BEN-02","ben.plan-compare@1.0.0","BEN","checkup-report","ben.checkup-report@1.0.0","true","true","","4249","true","","57883","0.0027683919999999997","21062","deepseek-v4-flash"
"2026-09-29T05:16:41.631Z","GT-BEN-03","ben.plan-compare@1.0.0","BEN","flex-benefit","ben.points-calc@1.0.0","true","true","","4359","true","","57125","0.0027478","18075","deepseek-v4-flash"
"2026-09-29T05:16:41.631Z","GT-CMP-01","cmp.policy-review@1.0.0","CMP","policy-checklist","cmp.policy-review@1.0.0","true","true","","6163","true","","59376","0.003082464","24820","deepseek-v4-flash"
"2026-09-29T05:16:41.631Z","GT-CMP-02","cmp.policy-review@1.0.0","CMP","pipia-list","cmp.pipia-review@1.0.0","true","true","","5093","true","","57282","0.0027917119999999996","18148","deepseek-v4-flash"
"2026-09-29T05:16:41.631Z","GT-CMP-03","cmp.policy-review@1.0.0","CMP","evidence-pack","cmp.evidence-pack@1.0.0","true","true","","5112","true","","61159","0.003499496","34931","deepseek-v4-flash"
"2026-09-29T05:16:41.631Z","GT-COMP-01","comp.salary-review@1.0.0","COMP","band-analysis","comp.salary-adjust@1.0.0","true","true","","4976","true","","58036","0.003300352","19017","deepseek-v4-flash"
"2026-09-29T05:16:41.631Z","GT-COMP-02","comp.salary-review@1.0.0","COMP","payroll-recon","comp.payroll-recon@1.0.0","true","true","","5364","true","","58822","0.0028645759999999998","23273","deepseek-v4-flash"
"2026-09-29T05:16:41.631Z","GT-COMP-03","comp.salary-review@1.0.0","COMP","compa-ratio","comp.compa-ratio@1.0.0","true","true","","4972","true","","60550","0.006125504","31174","deepseek-v4-flash"
"2026-09-29T05:16:41.631Z","GT-ER-01","eap.referral@1.0.0","ER","offboarding-flow","er-eap.offboard-approve@1.0.0","false","true","","5179","false","last_day","60922","0.003216048","31961","deepseek-v4-flash"
"2026-09-29T05:16:41.631Z","GT-ER-02","eap.referral@1.0.0","ER","offboarding-flow","er-eap.offboard-approve@1.0.0","false","true","","5375","false","last_day","61286","0.003013824","26983","deepseek-v4-flash"
"2026-09-29T05:16:41.631Z","GT-EAP-01","eap.referral@1.0.0","ER","eap-referral","er-eap.eap-referral@1.0.0","true","true","","4599","true","","61434","0.004956688","34213","deepseek-v4-flash"
"2026-09-29T05:16:41.631Z","GT-FIN-01","fin.expense-approve@1.0.0","FIN","expense-precheck","fin.expense-approve@1.0.0","true","true","","7429","true","","65972","0.003952784","45024","deepseek-v4-flash"
"2026-09-29T05:16:41.631Z","GT-FIN-02","fin.expense-approve@1.0.0","FIN","budget-analysis","fin.monthly-report@1.0.0","false","true","","7921","false","revenue_wan|net_wan","62631","0.004767224","35298","deepseek-v4-flash"
"2026-09-29T05:16:41.631Z","GT-FIN-03","fin.expense-approve@1.0.0","FIN","invoice-check","fin.invoice-check@1.0.0","true","true","","4826","true","","62338","0.00309584","36748","deepseek-v4-flash"
"2026-09-29T05:16:41.631Z","GT-MKTOFF-01","mkt-off.event-roi@1.0.0","MKT","event-plan","mkt-off.event-plan@1.0.0","true","true","","5740","true","","60002","0.0065507199999999995","29568","deepseek-v4-flash"
"2026-09-29T05:16:41.631Z","GT-MKTOFF-02","mkt-off.event-roi@1.0.0","MKT","material-compliance","mkt-off.material-review@1.0.0","true","true","","5294","true","","60797","0.003026936","31659","deepseek-v4-flash"
"2026-09-29T05:16:41.631Z","GT-MKTOFF-03","mkt-off.event-roi@1.0.0","MKT","roi-review","mkt-off.event-roi@1.0.0","true","true","","5481","true","","58063","0.002847944","21076","deepseek-v4-flash"
"2026-09-29T05:16:41.631Z","GT-MKTON-01","mkt-on.content-publish@1.0.0","MKT","content-gen","mkt-on.publish-approve@1.0.0","true","true","","6363","true","","63167","0.003049464","39476","deepseek-v4-flash"
"2026-09-29T05:16:41.631Z","GT-MKTON-02","mkt-on.content-publish@1.0.0","MKT","ad-analysis","mkt-on.campaign-report@1.0.0","false","true","","5292","false","spend_wan|roi","60882","0.007372288","29395","deepseek-v4-flash"
"2026-09-29T05:16:41.631Z","GT-MKTON-03","mkt-on.content-publish@1.0.0","MKT","seo-audit","mkt-on.seo-audit@1.0.0","true","true","","3980","true","","58715","0.0033792880000000003","24249","deepseek-v4-flash"
"2026-09-29T05:16:41.631Z","GT-PRF-01","prf.calibration@1.0.0","PRF","kpi-track","prf.kpi-tracking@1.0.0","true","true","","4092","true","","56930","0.005510208","15492","deepseek-v4-flash"
"2026-09-29T05:16:41.631Z","GT-PRF-02","prf.calibration@1.0.0","PRF","calibration-analysis","prf.calibration-approve@1.0.0","true","true","","6318","true","","61580","0.0038932959999999996","31063","deepseek-v4-flash"
"2026-09-29T05:16:41.631Z","GT-PRF-03","prf.calibration@1.0.0","PRF","goal-cascade","prf.cascade-report@1.0.0","true","true","","4532","true","","60917","0.006600439999999999","35543","deepseek-v4-flash"
"2026-09-29T05:16:41.631Z","GT-REC-01","rec.funnel-weekly@1.0.0","REC","funnel-analysis","rec.funnel-weekly@1.0.0","true","true","","4707","true","","57246","0.0027441919999999995","17171","deepseek-v4-flash"
"2026-09-29T05:16:41.631Z","GT-REC-02","rec.funnel-weekly@1.0.0","REC","jd-gen","rec.resume-forward@1.0.0","true","true","","3476","true","","58968","0.002893968","26468","deepseek-v4-flash"
"2026-09-29T05:16:41.631Z","GT-REC-03","rec.funnel-weekly@1.0.0","REC","interview-summary","rec.interview-schedule@1.0.0","true","true","","6469","true","","60477","0.00472252","30907","deepseek-v4-flash"
"2026-09-29T05:16:41.631Z","GT-SALES-01","sales.quote-approval@1.0.0","SALES","quote-calc","sales.quote-calc@1.0.0","true","true","","3657","true","","56893","0.0032581999999999997","14826","deepseek-v4-flash"
"2026-09-29T05:16:41.631Z","GT-SALES-02","sales.quote-approval@1.0.0","SALES","win-review","sales.win-review@1.0.0","true","true","","5816","true","","57641","0.0027756079999999997","20506","deepseek-v4-flash"
"2026-09-29T05:16:41.631Z","GT-SALES-03","sales.quote-approval@1.0.0","SALES","quota-dashboard","sales.pipeline-report@1.0.0","true","true","","4672","true","","57889","0.002776312","19439","deepseek-v4-flash"
"2026-09-29T05:16:41.631Z","GT-STRAT-01","strat.quarterly-review@1.0.0","STRAT","strategy-decode","strat.quarterly-review@1.0.0","true","true","","5252","true","","57849","0.005339399999999999","18556","deepseek-v4-flash"
"2026-09-29T05:16:41.631Z","GT-STRAT-02","strat.quarterly-review@1.0.0","STRAT","biz-analysis","strat.weekly-report@1.0.0","true","true","","7198","true","","64559","0.004039992","37884","deepseek-v4-flash"
"2026-09-29T05:16:41.631Z","GT-STRAT-03","strat.quarterly-review@1.0.0","STRAT","competitor-watch","strat.competitor-brief@1.0.0","true","true","","5046","true","","59158","0.004486416","28393","deepseek-v4-flash"
"2026-09-29T05:16:41.631Z","GT-TRN-01","trn.plan-approve@1.0.0","TRN","course-schedule","trn.course-schedule@1.0.0","true","true","","4458","true","","60088","0.004833488","27013","deepseek-v4-flash"
"2026-09-29T05:16:41.631Z","GT-TRN-02","trn.plan-approve@1.0.0","TRN","hour-stats","trn.hours-report@1.0.0","true","true","","4149","true","","57444","0.00348832","18162","deepseek-v4-flash"
"2026-09-29T05:16:41.631Z","GT-TRN-03","trn.plan-approve@1.0.0","TRN","cert-expiry","trn.cert-expiry@1.0.0","true","true","","3297","true","","56493","0.0027301999999999995","13664","deepseek-v4-flash"
"2026-09-29T05:20:42.502Z","GT-ER-01","eap.referral@1.0.0","ER","offboarding-flow","er-eap.offboard-approve@1.0.0","true","true","","4213","true","","69455","0.0033439119999999997","61355","deepseek-v4-flash"
"2026-09-29T05:21:06.246Z","GT-ER-02","eap.referral@1.0.0","ER","offboarding-flow","er-eap.exit-interview@1.0.0","true","true","","4672","true","","58341","0.002882968","23611","deepseek-v4-flash"
"2026-09-29T05:21:38.987Z","GT-FIN-02","fin.expense-approve@1.0.0","FIN","budget-analysis","fin.monthly-report@1.0.0","false","true","","4749","false","revenue_wan|net_wan","62104","0.005352864000000001","32604","deepseek-v4-flash"
"2026-09-29T05:22:14.390Z","GT-MKTON-02","mkt-on.content-publish@1.0.0","MKT","ad-analysis","mkt-on.campaign-report@1.0.0","true","true","","4808","true","","61430","0.006471167999999999","35277","deepseek-v4-flash"
"2026-09-29T07:16:05.218Z","GT-ADMIN-01","admin.procurement@1.0.0","ADMIN","purchase-compare","admin.purchase-approve@1.0.0","true","true","","3503","true","","58613","0.002917992","15913","deepseek-v4-flash"
"2026-09-29T07:16:05.218Z","GT-ADMIN-02","admin.procurement@1.0.0","ADMIN","asset-inventory","admin.asset-inventory@1.0.0","true","true","","4582","true","","64223","0.0031367599999999997","32289","deepseek-v4-flash"
"2026-09-29T07:16:05.218Z","GT-ADMIN-03","admin.procurement@1.0.0","ADMIN","meeting-minutes","admin.meeting-minutes@1.0.0","true","true","","6957","true","","64805","0.005444648","39803","deepseek-v4-flash"
"2026-09-29T07:16:05.218Z","GT-BEN-01","ben.plan-compare@1.0.0","BEN","plan-compare","ben.vendor-compare@1.0.0","true","true","","5466","true","","66098","0.003918816","42734","deepseek-v4-flash"
"2026-09-29T07:16:05.218Z","GT-BEN-02","ben.plan-compare@1.0.0","BEN","checkup-report","ben.checkup-report@1.0.0","true","true","","5986","true","","62567","0.0036096719999999995","32796","deepseek-v4-flash"
"2026-09-29T07:16:05.218Z","GT-BEN-03","ben.plan-compare@1.0.0","BEN","flex-benefit","ben.points-calc@1.0.0","true","true","","4739","true","","60976","0.00293128","24343","deepseek-v4-flash"
"2026-09-29T07:16:05.218Z","GT-CMP-01","cmp.policy-review@1.0.0","CMP","policy-checklist","cmp.policy-review@1.0.0","true","true","","5705","true","","67518","0.0038148","38750","deepseek-v4-flash"
"2026-09-29T07:16:05.218Z","GT-CMP-02","cmp.policy-review@1.0.0","CMP","pipia-list","cmp.pipia-review@1.0.0","true","true","","6737","true","","65700","0.00404184","32601","deepseek-v4-flash"
"2026-09-29T07:16:05.218Z","GT-CMP-03","cmp.policy-review@1.0.0","CMP","evidence-pack","cmp.evidence-pack@1.0.0","true","true","","6942","true","","82541","0.004169176","89714","deepseek-v4-flash"
"2026-09-29T07:16:05.218Z","GT-COMP-01","comp.salary-review@1.0.0","COMP","band-analysis","comp.salary-adjust@1.0.0","true","true","","6457","true","","65361","0.004192583999999999","41513","deepseek-v4-flash"
"2026-09-29T07:16:05.219Z","GT-COMP-02","comp.salary-review@1.0.0","COMP","payroll-recon","comp.payroll-recon@1.0.0","true","true","","8056","true","","74572","0.0035652319999999998","71783","deepseek-v4-flash"
"2026-09-29T07:16:05.219Z","GT-COMP-03","comp.salary-review@1.0.0","COMP","compa-ratio","comp.compa-ratio@1.0.0","true","true","","5053","true","","62615","0.0038287919999999997","32514","deepseek-v4-flash"
"2026-09-29T07:16:05.219Z","GT-ER-01","eap.referral@1.0.0","ER","offboarding-flow","er-eap.offboard-approve@1.0.0","true","true","","3376","true","","58848","0.0028988959999999998","19148","deepseek-v4-flash"
"2026-09-29T07:16:05.219Z","GT-ER-02","eap.referral@1.0.0","ER","offboarding-flow","er-eap.exit-interview@1.0.0","true","true","","8960","true","","61283","0.00403348","29298","deepseek-v4-flash"
"2026-09-29T07:16:05.219Z","GT-EAP-01","eap.referral@1.0.0","ER","eap-referral","er-eap.eap-referral@1.0.0","true","true","","5470","true","","61298","0.003029664","24161","deepseek-v4-flash"
"2026-09-29T07:16:05.219Z","GT-FIN-01","fin.expense-approve@1.0.0","FIN","expense-precheck","fin.expense-approve@1.0.0","true","true","","6845","true","","76003","0.004738888","64398","deepseek-v4-flash"
"2026-09-29T07:16:05.219Z","GT-FIN-02","fin.expense-approve@1.0.0","FIN","budget-analysis","fin.monthly-report@1.0.0","true","true","","11671","true","","72315","0.012040071999999999","50567","deepseek-v4-flash"
"2026-09-29T07:16:05.219Z","GT-FIN-03","fin.expense-approve@1.0.0","FIN","invoice-check","fin.invoice-check@1.0.0","true","true","","6943","true","","82254","0.003905792","73665","deepseek-v4-flash"
"2026-09-29T07:16:05.219Z","GT-MKTOFF-01","mkt-off.event-roi@1.0.0","MKT","event-plan","mkt-off.event-plan@1.0.0","true","true","","5308","true","","63590","0.0035187680000000002","32232","deepseek-v4-flash"
"2026-09-29T07:16:05.219Z","GT-MKTOFF-02","mkt-off.event-roi@1.0.0","MKT","material-compliance","mkt-off.material-review@1.0.0","true","true","","7616","true","","79053","0.013554552000000001","68873","deepseek-v4-flash"
"2026-09-29T07:16:05.219Z","GT-MKTOFF-03","mkt-off.event-roi@1.0.0","MKT","roi-review","mkt-off.event-roi@1.0.0","true","true","","8793","true","","73027","0.017047976","64299","deepseek-v4-flash"
"2026-09-29T07:16:05.219Z","GT-MKTON-01","mkt-on.content-publish@1.0.0","MKT","content-gen","mkt-on.publish-approve@1.0.0","true","true","","6101","true","","62080","0.003084576","28976","deepseek-v4-flash"
"2026-09-29T07:16:05.219Z","GT-MKTON-02","mkt-on.content-publish@1.0.0","MKT","ad-analysis","mkt-on.campaign-report@1.0.0","true","true","","6856","true","","74838","0.0036134559999999997","82798","deepseek-v4-flash"
"2026-09-29T07:16:05.219Z","GT-MKTON-03","mkt-on.content-publish@1.0.0","MKT","seo-audit","mkt-on.seo-audit@1.0.0","true","true","","8630","true","","69028","0.012092608000000001","56369","deepseek-v4-flash"
"2026-09-29T07:16:05.219Z","GT-PRF-01","prf.calibration@1.0.0","PRF","kpi-track","prf.kpi-tracking@1.0.0","true","true","","4998","true","","62210","0.0030902079999999997","28258","deepseek-v4-flash"
"2026-09-29T07:16:05.219Z","GT-PRF-02","prf.calibration@1.0.0","PRF","calibration-analysis","prf.calibration-approve@1.0.0","true","true","","8080","true","","70081","0.003353592","56563","deepseek-v4-flash"
"2026-09-29T07:16:05.219Z","GT-PRF-03","prf.calibration@1.0.0","PRF","goal-cascade","prf.cascade-report@1.0.0","true","true","","3449","true","","68728","0.0033642399999999997","68420","deepseek-v4-flash"
"2026-09-29T07:16:05.219Z","GT-REC-01","rec.funnel-weekly@1.0.0","REC","funnel-analysis","rec.funnel-weekly@1.0.0","true","true","","5202","true","","63350","0.003288384","33497","deepseek-v4-flash"
"2026-09-29T07:16:05.219Z","GT-REC-02","rec.funnel-weekly@1.0.0","REC","jd-gen","rec.resume-forward@1.0.0","true","true","","5721","true","","64097","0.0031311279999999995","40578","deepseek-v4-flash"
"2026-09-29T07:16:05.219Z","GT-REC-03","rec.funnel-weekly@1.0.0","REC","interview-summary","rec.interview-schedule@1.0.0","true","true","","3080","true","","58973","0.0029005679999999996","16487","deepseek-v4-flash"
"2026-09-29T07:16:05.219Z","GT-SALES-01","sales.quote-approval@1.0.0","SALES","quote-calc","sales.quote-calc@1.0.0","true","true","","3294","true","","59070","0.0033552639999999997","13372","deepseek-v4-flash"
"2026-09-29T07:16:05.219Z","GT-SALES-02","sales.quote-approval@1.0.0","SALES","win-review","sales.win-review@1.0.0","true","true","","5652","true","","62862","0.006564096","29227","deepseek-v4-flash"
"2026-09-29T07:16:05.219Z","GT-SALES-03","sales.quote-approval@1.0.0","SALES","quota-dashboard","sales.pipeline-report@1.0.0","true","true","","9401","true","","78067","0.0047554319999999995","72920","deepseek-v4-flash"
"2026-09-29T07:16:05.219Z","GT-STRAT-01","strat.quarterly-review@1.0.0","STRAT","strategy-decode","strat.quarterly-review@1.0.0","true","true","","6696","true","","79738","0.005462511999999999","80034","deepseek-v4-flash"
"2026-09-29T07:16:05.219Z","GT-STRAT-02","strat.quarterly-review@1.0.0","STRAT","biz-analysis","strat.weekly-report@1.0.0","true","true","","9547","true","","70002","0.004372895999999999","56378","deepseek-v4-flash"
"2026-09-29T07:16:05.219Z","GT-STRAT-03","strat.quarterly-review@1.0.0","STRAT","competitor-watch","strat.competitor-brief@1.0.0","true","true","","4751","true","","59311","0.002859384","21138","deepseek-v4-flash"
"2026-09-29T07:16:05.219Z","GT-TRN-01","trn.plan-approve@1.0.0","TRN","course-schedule","trn.course-schedule@1.0.0","true","true","","5294","true","","62274","0.004807967999999999","28404","deepseek-v4-flash"
"2026-09-29T07:16:05.219Z","GT-TRN-02","trn.plan-approve@1.0.0","TRN","hour-stats","trn.hours-report@1.0.0","true","true","","5615","true","","63772","0.00498872","38746","deepseek-v4-flash"
"2026-09-29T07:16:05.219Z","GT-TRN-03","trn.plan-approve@1.0.0","TRN","cert-expiry","trn.cert-expiry@1.0.0","true","true","","5123","true","","65675","0.004533848","39578","deepseek-v4-flash"
