gt_id,scene_id,domain,skill,workflow,pass,artifact_bytes,struct_ok
"GT-ADMIN-01","admin.procurement@1.0.0","ADMIN","purchase-compare","admin.purchase-approve@1.0.0","true","3503","true"
"GT-ADMIN-02","admin.procurement@1.0.0","ADMIN","asset-inventory","admin.asset-inventory@1.0.0","true","4582","true"
"GT-ADMIN-03","admin.procurement@1.0.0","ADMIN","meeting-minutes","admin.meeting-minutes@1.0.0","true","6957","true"
"GT-BEN-01","ben.plan-compare@1.0.0","BEN","plan-compare","ben.vendor-compare@1.0.0","true","5466","true"
"GT-BEN-02","ben.plan-compare@1.0.0","BEN","checkup-report","ben.checkup-report@1.0.0","true","5986","true"
"GT-BEN-03","ben.plan-compare@1.0.0","BEN","flex-benefit","ben.points-calc@1.0.0","true","4739","true"
"GT-CMP-01","cmp.policy-review@1.0.0","CMP","policy-checklist","cmp.policy-review@1.0.0","true","5705","true"
"GT-CMP-02","cmp.policy-review@1.0.0","CMP","pipia-list","cmp.pipia-review@1.0.0","true","6737","true"
"GT-CMP-03","cmp.policy-review@1.0.0","CMP","evidence-pack","cmp.evidence-pack@1.0.0","true","6942","true"
"GT-COMP-01","comp.salary-review@1.0.0","COMP","band-analysis","comp.salary-adjust@1.0.0","true","6457","true"
"GT-COMP-02","comp.salary-review@1.0.0","COMP","payroll-recon","comp.payroll-recon@1.0.0","true","8056","true"
"GT-COMP-03","comp.salary-review@1.0.0","COMP","compa-ratio","comp.compa-ratio@1.0.0","true","5053","true"
"GT-ER-01","eap.referral@1.0.0","ER","offboarding-flow","er-eap.offboard-approve@1.0.0","true","3376","true"
"GT-ER-02","eap.referral@1.0.0","ER","offboarding-flow","er-eap.exit-interview@1.0.0","true","8960","true"
"GT-EAP-01","eap.referral@1.0.0","ER","eap-referral","er-eap.eap-referral@1.0.0","true","5470","true"
"GT-FIN-01","fin.expense-approve@1.0.0","FIN","expense-precheck","fin.expense-approve@1.0.0","true","6845","true"
"GT-FIN-02","fin.expense-approve@1.0.0","FIN","budget-analysis","fin.monthly-report@1.0.0","true","11671","true"
"GT-FIN-03","fin.expense-approve@1.0.0","FIN","invoice-check","fin.invoice-check@1.0.0","true","6943","true"
"GT-MKTOFF-01","mkt-off.event-roi@1.0.0","MKT","event-plan","mkt-off.event-plan@1.0.0","true","5308","true"
"GT-MKTOFF-02","mkt-off.event-roi@1.0.0","MKT","material-compliance","mkt-off.material-review@1.0.0","true","7616","true"
"GT-MKTOFF-03","mkt-off.event-roi@1.0.0","MKT","roi-review","mkt-off.event-roi@1.0.0","true","8793","true"
"GT-MKTON-01","mkt-on.content-publish@1.0.0","MKT","content-gen","mkt-on.publish-approve@1.0.0","true","6101","true"
"GT-MKTON-02","mkt-on.content-publish@1.0.0","MKT","ad-analysis","mkt-on.campaign-report@1.0.0","true","6856","true"
"GT-MKTON-03","mkt-on.content-publish@1.0.0","MKT","seo-audit","mkt-on.seo-audit@1.0.0","true","8630","true"
"GT-PRF-01","prf.calibration@1.0.0","PRF","kpi-track","prf.kpi-tracking@1.0.0","true","4998","true"
"GT-PRF-02","prf.calibration@1.0.0","PRF","calibration-analysis","prf.calibration-approve@1.0.0","true","8080","true"
"GT-PRF-03","prf.calibration@1.0.0","PRF","goal-cascade","prf.cascade-report@1.0.0","true","3449","true"
"GT-REC-01","rec.funnel-weekly@1.0.0","REC","funnel-analysis","rec.funnel-weekly@1.0.0","true","5202","true"
"GT-REC-02","rec.funnel-weekly@1.0.0","REC","jd-gen","rec.resume-forward@1.0.0","true","5721","true"
"GT-REC-03","rec.funnel-weekly@1.0.0","REC","interview-summary","rec.interview-schedule@1.0.0","true","3080","true"
"GT-SALES-01","sales.quote-approval@1.0.0","SALES","quote-calc","sales.quote-calc@1.0.0","true","3294","true"
"GT-SALES-02","sales.quote-approval@1.0.0","SALES","win-review","sales.win-review@1.0.0","true","5652","true"
"GT-SALES-03","sales.quote-approval@1.0.0","SALES","quota-dashboard","sales.pipeline-report@1.0.0","true","9401","true"
"GT-STRAT-01","strat.quarterly-review@1.0.0","STRAT","strategy-decode","strat.quarterly-review@1.0.0","true","6696","true"
"GT-STRAT-02","strat.quarterly-review@1.0.0","STRAT","biz-analysis","strat.weekly-report@1.0.0","true","9547","true"
"GT-STRAT-03","strat.quarterly-review@1.0.0","STRAT","competitor-watch","strat.competitor-brief@1.0.0","true","4751","true"
"GT-TRN-01","trn.plan-approve@1.0.0","TRN","course-schedule","trn.course-schedule@1.0.0","true","5294","true"
"GT-TRN-02","trn.plan-approve@1.0.0","TRN","hour-stats","trn.hours-report@1.0.0","true","5615","true"
"GT-TRN-03","trn.plan-approve@1.0.0","TRN","cert-expiry","trn.cert-expiry@1.0.0","true","5123","true"
