name,npm,method,exit,timestamp
deepseek-ai-dsh,@deepseek-ai/dsh,npm-i-g-offline-tgz,0,2026-09-29T10:05:32+08:00
pi2dsh,pi2dsh,dsh-plugin-add-web,0,2026-09-29T10:05:44+08:00
dsh-better-sidebar,dsh-better-sidebar,dsh-plugin-add-web,0,2026-09-29T10:05:56+08:00
dsh-plugin,dsh-plugin,dsh-plugin-add-web,0,2026-09-29T10:06:08+08:00
pi-hermes-memory,pi-hermes-memory,dsh-plugin-add-web,0,2026-09-29T10:06:20+08:00
pi-approval-guardian,pi-approval-guardian,dsh-plugin-add-web,0,2026-09-29T10:06:33+08:00
pi-redact-all,pi-redact-all,dsh-plugin-add-web,0,2026-09-29T10:06:55+08:00
pi-mcp-adapter,pi-mcp-adapter,dsh-plugin-add-web,0,2026-09-29T10:07:07+08:00
dsh-excel-panel,dsh-excel-panel,dsh-plugin-add-web,0,2026-09-29T10:07:19+08:00
dsh-docs-panel,dsh-docs-panel,dsh-plugin-add-web,0,2026-09-29T10:07:31+08:00
rmrdeveloper-sideroom-pi,@rmrdeveloper/sideroom-pi,dsh-plugin-add-web,0,2026-09-29T10:07:43+08:00
pi-stats-footer,pi-stats-footer,dsh-plugin-add-web,0,2026-09-29T10:07:56+08:00
dsh-undo-savepoint,dsh-undo-savepoint,dsh-plugin-add-web,0,2026-09-29T10:08:07+08:00
tintinweb-pi-subagents,@tintinweb/pi-subagents,dsh-plugin-add-web,0,2026-09-29T10:08:19+08:00
pi-dag-core,pi-dag-core,dsh-plugin-add-web,0,2026-09-29T10:08:30+08:00
graph-memory,graph-memory,dsh-plugin-add-web,0,2026-09-29T10:08:42+08:00
mutmutco-pi-plugin,@mutmutco/pi-plugin,dsh-plugin-add-web,0,2026-09-29T10:08:53+08:00
pi-deepseek-search,pi-deepseek-search,dsh-plugin-add-web,0,2026-09-29T10:09:04+08:00
pi-queue-steer-factory,pi-queue-steer-factory,dsh-plugin-add-web,0,2026-09-29T10:09:16+08:00
pi-loop-mode,pi-loop-mode,dsh-plugin-add-web,0,2026-09-29T10:09:28+08:00
anionex-dsh-vision-toolkit,@anionex/dsh-vision-toolkit,dsh-plugin-add-web,0,2026-09-29T10:09:41+08:00
ychris12138-dsh-usage-stats,@ychris12138/dsh-usage-stats,dsh-plugin-add-web,0,2026-09-29T10:09:53+08:00
changfenhuang-dsh-annotation,@changfenhuang/dsh-annotation,dsh-plugin-add-web,0,2026-09-29T10:10:04+08:00
dsh-network-settings,dsh-network-settings,dsh-plugin-add-web,0,2026-09-29T10:10:16+08:00
