package,version,engine_requirement,peer_requirement,vs_lock(pi=0.87.1,dsh=0.1.5-rc.3),verdict
dsh-univer-office,0.3.5,node>=22.19.0,@deepseek-ai/dsh-*: ^0.1.5-rc.3 || ^0.1.7-*,dsh 0.1.5-rc.3 精确命中 peer 范围,适配-推荐
dsh-office-tools,1.0.4,node>=20,@deepseek-ai/dsh-*: ^0.1.0-rc.6 || ... || ^0.1.5-alpha.0,0.1.5-rc.3 在 ^0.1.5-alpha.0 范围内,适配-推荐
dsh-ppt,0.5.0,node ^22.19.0 || >=24.0.0,无 peer,无引擎耦合,适配-推荐
dsh-excel-panel,0.6.1,无,peer dsh-better-sidebar ^0.12.0,已装 sidebar 0.21.1 满足,适配-推荐
dsh-docs-panel,0.1.0,无,peer dsh-better-sidebar >=0.4.0,已装 sidebar 0.21.1 满足,适配-推荐
dsh-genui,0.2.1,node>=20,peer @deepseek-ai/dsh-system-prompt >=0.1.0-rc.1 <0.2.0,0.1.5-rc.3 在范围,适配-推荐
@joemccann/pi-pdf,1.0.1,无,peer @mariozechner/pi-coding-agent(旧scope) *,旧scope包名-安装需 --legacy-peer-deps 或验证别名,有条件适配
pi-markdown-preview,0.19.0,无,peer @earendil-works/pi-coding-agent *,新scope-与 pi 0.87.1 适配,适配-推荐
pi-agent-pi-markitdown,1.0.2,无,peer @earendil-works/pi-coding-agent *,新scope-适配,适配-推荐
markitdown,0.0.4,node>=0.6.0,无,npm 同名包非微软官方-真身走 pip install markitdown-mcp,弃用改路由
pi-vault-mind,0.16.36,node>=24.19.0,peer @earendil-works/pi-coding-agent >=0.84.3 <1.0.0,pi 适配；Node 基线已改锁 24.19 LTS（latest v24.21.0 实测满足 engines）,适配-推荐
graph-memory,1.5.8,无,peer openclaw *,面向 openclaw；013 实测可作 dsh 插件装载,适配-实测通过
