tier,rank,name,npm_name,source_type,repo_hint,version_range,role,purpose,industries,install_cmd,test_cmd,resolved_version,resolved_tarball,sha256,status,note
P0,01,deepseek-ai-dsh,@deepseek-ai/dsh,npm,npm-only,latest,engine,DSH引擎内核与Cordis插件运行时,ALL,npm i -g <TGZ>,dsh --version 输出版本号且≥0.1.2,0.1.7-rc.2,deepseek-ai-dsh-0.1.7-rc.2.tgz,5f2da7272d9485abc223e681075809a8d929697c5232ee445718e1b7e066bff8,PRESET_OK,016 §2 重锁 0.1.7-rc.2（client-ui 插件契约需 ≥0.1.7-rc.2）；离线 tgz 在 offline-3.0/engines/ 与 offline/npm/；禁降级 ≤0.1.5-rc.3
P0,02,pi2dsh,pi2dsh,npm,npm-only,latest,bridge,Pi生态桥接层-加载pi-package,ALL,dsh plugin --profile web add <TGZ>,重启dsh后命令列表出现Pi生态命令,0.25.2,pi2dsh-0.25.2.tgz,2b41c9eb6f02293fe7290e22386ac8c9a526e04e895e003b99c58647d66e92f2,PRESET_OK,server插件-安装后必须重启
P0,03,dsh-better-sidebar,dsh-better-sidebar,npm,npm-only,latest,ui,侧边工作台-文件树/终端/Git面板,ALL,dsh plugin --profile web add <TGZ>,硬刷新后侧边栏出现且文件树可展开,0.21.1,dsh-better-sidebar-0.21.1.tgz,d0960735a41b0c3db478b93a8e0b0319ffab0cc0c82995df9d3d26e4ca692580,PRESET_OK,client插件-需pnpm approve-builds后重装
P0,04,dsh-plugin,dsh-plugin,npm,npm-only,latest,os-market,插件市场入口-设置与插件中心,ALL,dsh plugin --profile web add <TGZ>,插件中心可打开且能搜索浏览未装插件,1.4.8,dsh-plugin-1.4.8.tgz,940cabbf82c8422d80f216519117aec1337d6a77a7204e5cb9265ae4e7b271e5,PRESET_OK,仅作本机中心入口；外部市场站禁作来源
P0,05,pi-hermes-memory,pi-hermes-memory,npm,npm-only,latest,memory,跨会话记忆载体,ALL,dsh plugin --profile web add <TGZ>,重开新会话仍能回忆上轮偏好,0.9.9,pi-hermes-memory-0.9.9.tgz,6a1b71dfa34f40bba6372a4f71dec54cce76be4ae55923d3b83ebfc1c5920c20,PRESET_OK,要素9承载；EAP域在policies.memory.exclude排除
P0,06,pi-approval-guardian,pi-approval-guardian,npm,npm-only,latest,approval,审批守卫-敏感操作真实拦截,ALL,dsh plugin --profile web add <TGZ>,未确认时agent停在审批节点不继续,0.8.0,pi-approval-guardian-0.8.0.tgz,06511d2ffef5ab47d566747ecd0a0238f3f96675890d6a6e36cb7c770f494a4e,PRESET_OK,假审批即FAIL（010-02口径）
P0,07,pi-redact-all,pi-redact-all,npm,npm-only,latest,security,全局工具输出脱敏-密钥/PII/连接串,ALL,dsh plugin --profile web add <TGZ>,工具输出含PII时自动替换为REDACTED,0.2.1,pi-redact-all-0.2.1.tgz,8ae02a53d56049a11639ece35c4294a9d65e54896efccafb61b0c8e73eedbb40,PRESET_OK,必须验证作用于审计层而非仅聊天层
P0,08,pi-mcp-adapter,pi-mcp-adapter,npm,npm-only,latest,connector,MCP数据源只读接入-预留HRIS/邮箱/日历,ALL,dsh plugin --profile web add <TGZ>,只读数据源连接可用,2.38.0,pi-mcp-adapter-2.38.0.tgz,7b0bc8a0ce3bcf5469e4b30570309e6d18b8f6d3d86e4f743ce0b5c31225f7de,PRESET_OK,从可选提升为必装
P0,09,dsh-excel-panel,dsh-excel-panel,npm,npm-only,latest,connector,真实xlsx面板-多sheet/格式/公式,ALL,dsh plugin --profile web add <TGZ>,真实xlsx可打开可编辑且公式结果可见,0.6.1,dsh-excel-panel-0.6.1.tgz,a60a90c605a7598d66e68f9a4a4c308981ffd4c74bda9308200937516877ad69,PRESET_OK,必须用真实结构脱敏xlsx测试
P0,10,dsh-docs-panel,dsh-docs-panel,npm,npm-only,latest,connector,Docs面板-文档类产物在线预览,ALL,dsh plugin --profile web add <TGZ>,Docs标签可打开,0.1.0,dsh-docs-panel-0.1.0.tgz,64d8ec42ae65a446060e7d67597430ad10636efd0e61b9192b7de953c7e39342,PRESET_OK,—
P0,11,rmrdeveloper-sideroom-pi,@rmrdeveloper/sideroom-pi,npm,npm-only,latest,ui-hitl,实时todo看板与澄清提问对话框,ALL,dsh plugin --profile web add <TGZ>,todo看板出现且主动提问时弹出对话框,8.11.0,rmrdeveloper-sideroom-pi-8.11.0.tgz,85860bd8da9a32a684fe02e7c4722f0adfab670face0463dc15de13a9d31de7b,PRESET_OK,需与sidebar实测同框不遮挡
P0,12,pi-stats-footer,pi-stats-footer,npm,npm-only,latest,observability,页脚状态行-模型/token/缓存/成本,ALL,dsh plugin --profile web add <TGZ>,页脚状态行出现且token非空,0.4.0,pi-stats-footer-0.4.0.tgz,2bc2ff8c68bc27f9338e1516af7b7feec9df54ab94486b9449a2fc705d035f68,PRESET_OK,—
P0,13,dsh-undo-savepoint,dsh-undo-savepoint,npm,npm-only,latest,recovery,崩溃救援-配置快照与回滚,ALL,dsh plugin --profile web add <TGZ>,二次覆盖产物可用快照恢复到第一版,0.4.9,dsh-undo-savepoint-0.4.9.tgz,b993f64da90b6c7a0e7a65ac2a87273d9d8b512061cfee542aecbb3f46a9b668,PRESET_OK,必须实做回退演练
P0,14,tintinweb-pi-subagents,@tintinweb/pi-subagents,npm,npm-only,latest,orchestration,通用并行子代理,ALL,dsh plugin --profile web add <TGZ>,并行任务可汇总输出双份结果,0.19.0,tintinweb-pi-subagents-0.19.0.tgz,0c4c9416750027f5e18aef663975827ecc63bd4969a207c3dd0abde7e6bd61de,PRESET_OK,—
P0,15,pi-dag-core,pi-dag-core,npm,npm-only,latest,orchestration-hitl,DAG工作流状态机与人工审批节点,ALL,dsh plugin --profile web add <TGZ>,带依赖的DAG按序执行,0.1.6,pi-dag-core-0.1.6.tgz,50dc850c08e7b8b907f51f3d5d5f7c7426231da0618d2db172d6f87c60b93bce,PRESET_OK,必须验证依赖顺序
P0,16,graph-memory,graph-memory,npm,npm-only,latest,knowledge,知识图谱记忆与三元组召回,ALL,dsh plugin --profile web add <TGZ>,注入2-3份脱敏文档后能正确召回,1.5.8,graph-memory-1.5.8.tgz,2ad66167556856f6a4f2c4dda7b4e1d7240948caff89a2efb24ae2b892142c31,PRESET_OK,要素5核心；EAP域排除
P0,17,mutmutco-pi-plugin,@mutmutco/pi-plugin,npm,npm-only,latest,approval-multi,多级审批与组织门禁工作流,ALL,dsh plugin --profile web add <TGZ>,低风险自动过/高风险二次确认分路径,4.5.41,mutmutco-pi-plugin-4.5.41.tgz,f0c75e6cf9a4fe1e23087b46f7589a36872c33d538b302f5b158da4658cd7f27,PRESET_OK,repo 历史死链已在本包内核验可安装
P1,18,pi-deepseek-search,pi-deepseek-search,npm,npm-only,latest,research,联网搜索-行业对标与政策查询,ALL,dsh plugin --profile web add <TGZ>,提示词要求搜索可返回结果,1.0.20,pi-deepseek-search-1.0.20.tgz,c26ca1bff89063985df5086e6f28c1918abe3dcd8fa2f59576fa5469d7f74c44,PRESET_OK,默认关闭；L3/L4数据禁送公网
P1,19,pi-queue-steer-factory,pi-queue-steer-factory,npm,npm-only,latest,observability-queue,可见任务队列与会话控制,ALL,dsh plugin --profile web add <TGZ>,队列显示排队/进行中/完成,0.17.5,pi-queue-steer-factory-0.17.5.tgz,3c5077b8cdbb8e58af5c8521af821661e689a9f2ce727f0dcb7131982b80abd5,PRESET_OK,验证过程状态而非仅最终结果
P1,20,pi-loop-mode,pi-loop-mode,npm,npm-only,latest,autonomy,无人值守循环模式,ALL,dsh plugin --profile web add <TGZ>,命令可用即可-本次不实跑长任务,2.5.4,pi-loop-mode-2.5.4.tgz,7e2b6ebeda5e10fdf7e7bf3d9be200f2b722f748c29ad03a81ce0314db08f006,PRESET_OK,高风险-默认禁用；启用须 S8 演练通过
P1,21,anionex-dsh-vision-toolkit,@anionex/dsh-vision-toolkit,npm,npm-only,latest,ocr,视觉工具箱-扫描件/证件/长截图OCR,MANUFACTURING;CONSTRUCTION;HEALTHCARE;RETAIL,dsh plugin --profile web add <TGZ>,粘贴图片可识别且长截图OCR返回文字,0.1.45,anionex-dsh-vision-toolkit-0.1.45.tgz,09b0382d14c9792ee2430eec7793f7c1932de96863c847c6623499f67ba4739e,PRESET_OK,证件类行业强依赖
P1,22,ychris12138-dsh-usage-stats,@ychris12138/dsh-usage-stats,npm,npm-only,latest,cost,Provider余额/配额/token分析,ALL,dsh plugin --profile web add <TGZ>,用量面板可打开且数据非空,0.3.4,ychris12138-dsh-usage-stats-0.3.4.tgz,4cc5cd1296e99f3236390281c28b856d33fe47f16dbedc7c29edb12ce8e46a25,PRESET_OK,多用户/多分支建议启用
P1,23,changfenhuang-dsh-annotation,@changfenhuang/dsh-annotation,npm,npm-only,latest,review,选中批注-产物审阅协作标注,ALL,dsh plugin --profile web add <TGZ>,选中文字可加批注且气泡可隐藏,1.4.10,changfenhuang-dsh-annotation-1.4.10.tgz,428e39e14873425ab0602967b8fd4c0fa73c3183865eea63c8646cf070b32d23,PRESET_OK,人工审阅流水时启用
P1,24,dsh-network-settings,dsh-network-settings,npm,npm-only,latest,network,网络诊断与代理检测修复,MULTI-BRANCH;CROSS-BORDER,dsh plugin --profile web add <TGZ>,网络诊断面板可打开且代理修复可用,0.3.3,dsh-network-settings-0.3.3.tgz,5fea490fa46b95e0874b9b3550053e4d44f5b41b77c124c76411514fb11c25c9,PRESET_OK,内网隔离/多地域部署必需
P2,25,dsh-web,dsh-web,github-source,zhu1090093659/dsh-web,latest,shell,桌面工作台外壳-任务看板/Git历史/主题,ALL,git clone --depth 1 https://github.com/zhu1090093659/dsh-web 后本地构建再 dsh plugin --profile web add <本地目录>,任务看板可打开且Git历史可视化可用,,,,,2026-09-24实测 npm E404；2026-09-27实测 dev 分支 zip 452MB 过重→改浅克隆。不作为U1门禁条件，失败登记gap后流水线继续
P2,26,skills-cockpit,skills-cockpit,workspace-template,templates/skills-domain/,latest,orchestrator,Chief of Staff主控编排与意图路由,ALL,从templates复制并按域改写intentions,多域并行任务可汇总输出,,,,,非npm包
P2,27,industrypack-base,industrypack-base,workspace-template,templates/workspace/,latest,preset-base,Base层-内核契约/通用能力/默认UI,ALL,preset resolve --preset __base,Base自身通过Gate P0-P2,,,,,所有preset共同祖先
P2,28,industrypack-manufacturing,industrypack-manufacturing,workspace-template,templates/workspace/presets/industry/manufacturing,latest,preset-industry,制造业包-班次/技能等级/特种作业证/OEE口径,MANUFACTURING,从templates复制并注入行业差异,特种作业到期拦截场景,,,,PRESET_OK,首批仅试点1个行业（P1-4）
P2,29,industrypack-retail,industrypack-retail,workspace-template,templates/workspace/presets/industry/retail,latest,preset-industry,零售包-门店/坪效/排班工时上限/未成年工限制,RETAIL,从templates复制并注入行业差异,排班生成后触发工时合规审批,,,,PRESET_OK,首批仅试点1个行业（P1-4）
P2,30,industrypack-healthcare,industrypack-healthcare,workspace-template,templates/workspace/presets/industry/healthcare,latest,preset-industry,医疗包-执业资质/连班限制/院感培训,HEALTHCARE,从templates复制并注入行业差异,资质到期前拦截排班,,,,PRESET_OK,首批仅试点1个行业（P1-4）
P2,31,industrypack-construction,industrypack-construction,workspace-template,templates/workspace/presets/industry/construction,latest,preset-industry,建筑包-实名制/工伤保险/特种工/项目制用工,CONSTRUCTION,从templates复制并注入行业差异,项目开工前完成实名制与保险校验,,,,PRESET_OK,首批仅试点1个行业（P1-4）
P2,32,industrypack-internet,industrypack-internet,workspace-template,templates/workspace/presets/industry/internet,latest,preset-industry,互联网包-迭代节奏/技术序列/竞业保密,INTERNET,从templates复制并注入行业差异,入职前竞业核查且简历外发强制脱敏,,,,PRESET_OK,首批仅试点1个行业（P1-4）
P2,33,industrypack-finance,industrypack-finance,workspace-template,templates/workspace/presets/industry/finance,latest,preset-industry,金融包-从业资格/合规留痕/轮岗亲属回避,FINANCE,从templates复制并注入行业差异,从业资格缺失阻断岗位调整,,,,PRESET_OK,首批仅试点1个行业（P1-4）
P2,34,skills-domain-strat,skills-domain-strat,workspace-template,templates/skills-domain/strat,latest,skill-core,战略管理-OKR/经营分析/竞品监测,ALL,从templates/skills-domain复制并按Scene定制,合并薪酬数据双审批,,,,PRESET_OK,12业务域技能模板（自制层）
P2,35,skills-domain-mkt,skills-domain-mkt,workspace-template,templates/skills-domain/mkt,latest,skill-core,营销管理-线上/线下双场景（内容/投放/活动）,ALL,从templates/skills-domain复制并按Scene定制,对外发布L4强审批+脱敏,,,,PRESET_OK,12业务域技能模板（自制层）
P2,36,skills-domain-sales,skills-domain-sales,workspace-template,templates/skills-domain/sales,latest,skill-core,销售管理-CRM只读/报价/合同/业绩,ALL,从templates/skills-domain复制并按Scene定制,报价审批DAG+折扣阈值,,,,PRESET_OK,12业务域技能模板（自制层）
P2,37,skills-domain-fin,skills-domain-fin,workspace-template,templates/skills-domain/fin,latest,skill-core,财务管理-报销/预算/发票/财报,ALL,从templates/skills-domain复制并按Scene定制,报销强审批；财报分级出数,,,,PRESET_OK,12业务域技能模板（自制层）
P2,38,skills-domain-rec,skills-domain-rec,workspace-template,templates/skills-domain/rec,latest,skill-core,招聘管理-漏斗/JD/面试纪要（原六职能招聘）,ALL,从templates/skills-domain复制并按Scene定制,简历外发强制脱敏,,,,PRESET_OK,12业务域技能模板（自制层）
P2,39,skills-domain-trn,skills-domain-trn,workspace-template,templates/skills-domain/trn,latest,skill-core,培训管理-课程/学时/证书资质,ALL,从templates/skills-domain复制并按Scene定制,资质到期拦截排班,,,,PRESET_OK,12业务域技能模板（自制层）
P2,40,skills-domain-prf,skills-domain-prf,workspace-template,templates/skills-domain/prf,latest,skill-core,绩效管理-KPI/考核/校准,ALL,从templates/skills-domain复制并按Scene定制,绩效校准双审批,,,,PRESET_OK,12业务域技能模板（自制层）
P2,41,skills-domain-comp,skills-domain-comp,workspace-template,templates/skills-domain/comp,latest,skill-core,薪酬管理-带宽/对账/CR（全域L4）,ALL,从templates/skills-domain复制并按Scene定制,调薪双审批+redact_gate,,,,PRESET_OK,12业务域技能模板（自制层）
P2,42,skills-domain-ben,skills-domain-ben,workspace-template,templates/skills-domain/ben,latest,skill-core,福利设计-商保/体检/弹性福利（健康L4）,ALL,从templates/skills-domain复制并按Scene定制,体检报告脱敏,,,,PRESET_OK,12业务域技能模板（自制层）
P2,43,skills-domain-admin,skills-domain-admin,workspace-template,templates/skills-domain/admin,latest,skill-core,行政管理-采购/资产/用印,ALL,从templates/skills-domain复制并按Scene定制,用印强制人工HITL,,,,PRESET_OK,12业务域技能模板（自制层）
P2,44,skills-domain-cmp,skills-domain-cmp,workspace-template,templates/skills-domain/cmp,latest,skill-core,合规管理-制度/审计留痕/PIPIA,ALL,从templates/skills-domain复制并按Scene定制,证据打包append-only对齐,,,,PRESET_OK,12业务域技能模板（自制层）
P2,45,skills-domain-er-eap,skills-domain-er-eap,workspace-template,templates/skills-domain/er-eap,latest,skill-core,员工关系+EAP-处分/离职/心理援助（EAP为L4+特例）,ALL,从templates/skills-domain复制并按Scene定制,EAP转介双审批+匿名化+禁网禁记忆,,,,PRESET_OK,12业务域技能模板（自制层）
P2,46,slot-mes-readonly,slot-mes-readonly,extension-slot,capability:cap.ind.mes-readonly,latest,industry-slot,扩展位：制造MES只读接入（无现成npm包，禁编造）,BY_INDUSTRY,先npm view核验候选包；找不到→capability-gap降级,按扩展位验收：gap登记+替代方案,,,,GAP_REGISTERED,015 §3.1 缺口层
P2,47,slot-his-readonly,slot-his-readonly,extension-slot,capability:cap.ind.his-readonly,latest,industry-slot,扩展位：医疗HIS只读接入（无现成npm包，禁编造）,BY_INDUSTRY,先npm view核验候选包；找不到→capability-gap降级,按扩展位验收：gap登记+替代方案,,,,GAP_REGISTERED,015 §3.1 缺口层
P2,48,slot-regulatory-filing,slot-regulatory-filing,extension-slot,capability:cap.ind.regulatory-filing,latest,industry-slot,扩展位：行业监管报送材料生成（无现成npm包，禁编造）,BY_INDUSTRY,先npm view核验候选包；找不到→capability-gap降级,按扩展位验收：gap登记+替代方案,,,,GAP_REGISTERED,015 §3.1 缺口层
P2,49,slot-pos-readonly,slot-pos-readonly,extension-slot,capability:cap.ind.pos-readonly,latest,industry-slot,扩展位：零售POS只读接入（无现成npm包，禁编造）,BY_INDUSTRY,先npm view核验候选包；找不到→capability-gap降级,按扩展位验收：gap登记+替代方案,,,,GAP_REGISTERED,015 §3.1 缺口层
P2,50,slot-gov-formatter,slot-gov-formatter,extension-slot,capability:cap.ind.gov-formatter,latest,industry-slot,扩展位：政企公文格式化（无现成npm包，禁编造）,BY_INDUSTRY,先npm view核验候选包；找不到→capability-gap降级,按扩展位验收：gap登记+替代方案,,,,GAP_REGISTERED,015 §3.1 缺口层
P2,51,slot-lms-readonly,slot-lms-readonly,extension-slot,capability:cap.ind.lms-readonly,latest,industry-slot,扩展位：企业LMS学习记录只读接入（无现成npm包，禁编造）,BY_INDUSTRY,先npm view核验候选包；找不到→capability-gap降级,按扩展位验收：gap登记+替代方案,,,,GAP_REGISTERED,015 §3.1 缺口层
P2,52,slot-appsec-scan,slot-appsec-scan,extension-slot,capability:cap.ind.appsec-scan,latest,industry-slot,扩展位：应用安全扫描结果接入（无现成npm包，禁编造）,BY_INDUSTRY,先npm view核验候选包；找不到→capability-gap降级,按扩展位验收：gap登记+替代方案,,,,GAP_REGISTERED,015 §3.1 缺口层
P2,53,toolchain-node-git,toolchain-node-git,os-package,https://nodejs.org,latest,runtime,运行时依赖-Node≥22.19/pnpm≥10/Git≥2.40,ALL,winget install OpenJS.NodeJS.LTS 或 offline/node/ 离线安装,node -v/pnpm -v/git --version 全达标,,,,TO_VERIFY,版本不达标先修环境（ERR-ENV-001）
P2,54,connector-hris,connector-hris,external-connector,企业自建或厂商提供,latest,data-source,HRIS只读数据源-走pi-mcp-adapter接入,ALL,按connector profile配置,只读查询返回真实字段且写入被拒绝,,,,TO_CONFIGURE,涉真实员工数据：只读+脱敏+审批
P2,55,connector-mail-calendar,connector-mail-calendar,external-connector,企业自建或厂商提供,latest,data-source,邮箱与日历只读接入-邀约与到期提醒,ALL,按connector profile配置,日历只读查询成功且发送动作触发审批,,,,TO_CONFIGURE,发送动作必须走HITL
