quote_id,customer_masked,items,discount_pct,total_wan,status,opportunity_id,customer_id,contact_masked,list_price_wan,discount_floor_wan,approval_route,contract_no,payment_terms,terms_deviation,note,updated_at
QT-3301,某制造集团,标准版×3+实施,8,46.8,待审批,OPP-2026-0101,CUST-001,张****,50.87,48.00,双审批,-,30%预付+70%验收,无,低于底价已转报价审批,2026-10-12
QT-3302,某连锁超市,专业版×1,0,12.0,已发出,OPP-2026-0102,CUST-002,刘****,12.00,11.00,一级授权,-,30%预付+70%验收,无,标准价报价客户已接收,2026-10-12
QT-3303,某物流集团,旗舰版×2+培训,12,89.5,已审批,OPP-2026-0103,CUST-003,陈****,101.70,82.00,双审批,HT-2026-0421,30%预付+70%验收,无,赢单成交并于本期转合同,2026-10-12
QT-3304,某医药公司,标准版×2,5,21.6,草稿,OPP-2026-0104,CUST-004,周****,22.75,22.50,双审批,-,30%预付+70%验收,无,草稿低于底价提交时必须转审批,2026-10-12
QT-3305,某教育集团,专业版×4+实施,15,51.0,待审批,OPP-2026-0105,CUST-005,吴****,60.00,48.00,双审批+CFO加签,-,30%预付+70%验收,无,折扣达15%须CFO加签,2026-10-12
QT-3306,某新能源装备集团,旗舰版×5+实施+培训,18,180.4,已批准,OPP-2026-0106,CUST-006,郑****,220.00,165.00,双审批+CFO加签,-,30%预付+70%验收,无,大单战略折扣已获加签,2026-10-12
QT-3307,某跨境电商公司,专业版×2+培训,10,41.4,待审批,OPP-2026-0107,CUST-007,孙****,46.00,38.00,双审批,-,30%预付+70%验收,无,折扣达10%转双审批,2026-10-12
QT-3308,某智慧园区运营方,旗舰版×8+实施,16,336.0,待审批,OPP-2026-0108,CUST-008,黄****,400.00,320.00,双审批+CFO加签,-,20%预付+40%发货+40%验收,偏离,本季最大单已提请CFO加签,2026-10-12
QT-3309,某饮品连锁集团,标准版×6+实施,12,76.3,已批准,OPP-2026-0109,CUST-009,何****,86.70,70.00,双审批,-,30%预付+70%验收,无,商务条款确认后可转合同,2026-10-12
QT-3310,某智能制造股份公司,旗舰版×4+实施+培训,11,146.6,已发出,OPP-2026-0110,CUST-010,林****,164.70,135.00,双审批,HT-2026-0427,20%预付+40%发货+40%验收,偏离,合同回款条款偏离标准模板,2026-10-12
QT-3311,某连锁药店,专业版×3+实施,7,63.2,已驳回,OPP-2026-0113,CUST-013,高****,67.95,60.00,一级授权,-,30%预付+70%验收,无,毛利率低于产品线红线驳回重报,2026-10-12
QT-3312,某产业地产集团,旗舰版×3+实施,22,70.2,已驳回,OPP-2026-0111,CUST-011,谢****,90.00,85.00,双审批+CFO加签,-,月结30天,偏离,超低价叠加非标回款条款驳回,2026-10-12
QT-3313,某白酒集团,旗舰版×6+培训,14,180.6,待审批,OPP-2026-0115,CUST-015,唐****,210.00,160.00,双审批,-,20%预付+30%发货+50%验收,偏离,客户要求降低预付比例,2026-10-12
QT-3314,某轨道交通集团,专业版×5+实施,9,118.3,待审批,OPP-2026-0116,CUST-016,邓****,130.00,112.00,一级授权,-,30%预付+70%验收,无,一级授权内待销售负责人签批,2026-10-12
QT-3315,某文旅集团,标准版×2,3,23.3,草稿,OPP-2026-0118,CUST-018,彭****,24.00,21.00,一级授权,-,30%预付+70%验收,无,初步测算草稿待补齐配置明细,2026-10-12
