region,region_quota_wan,owner_masked,owner_target_wan,quarter,updated_at
华东,900,王****,350,2026-Q4,2026-10-12
华东,900,李****,280,2026-Q4,2026-10-12
华东,900,陈****,160,2026-Q4,2026-10-12
华东,900,徐****,110,2026-Q4,2026-10-12
华南,600,赵****,280,2026-Q4,2026-10-12
华南,600,郑****,190,2026-Q4,2026-10-12
华南,600,冯****,130,2026-Q4,2026-10-12
华北,520,张****,300,2026-Q4,2026-10-12
华北,520,刘****,220,2026-Q4,2026-10-12
西南,280,周****,280,2026-Q4,2026-10-12
华中,360,吴****,200,2026-Q4,2026-10-12
华中,360,孙****,160,2026-Q4,2026-10-12
