candidate_masked,position,stage,interview_at,source,candidate_id,candidate_phone,candidate_idcard,education,exp_years,score,offer_salary,offer_status,onboard_status,summary,note
张****,销售经理,second,2026-10-02 14:00,猎头,C001,138****5678,4403**********1234,本科,8,84,-,-,-,good,大客户资源匹配，复试待评
李****,财务分析,screening,-,内推,C002,139****0123,4403**********2345,硕士,5,-,-,-,-,-,待初筛，CPA 在考
王****,HRBP,second,2026-10-05 16:00,官网,C003,137****8899,4403**********3456,本科,6,80,-,-,-,medium,复试待评，需补组织诊断案例
陈****,前端工程师,offer,2026-10-09 10:00,内推,C004,135****4321,4403**********4567,本科,4,91,25000,sent,pending,good,Offer 已发，待候选人确认
赵****,渠道销售,screening,-,招聘网站,C005,136****7788,4403**********5678,大专,3,-,-,-,-,-,渠道背景待核实
刘****,前端工程师,first,2026-10-06 11:00,BOSS直聘,C006,138****2211,4403**********6789,本科,5,-,-,-,-,-,一面待评
周****,数据分析师,final,2026-10-10 15:00,猎聘,C007,139****3344,4403**********7890,硕士,7,87,-,-,-,good,终面待评，建模与指标口径扎实
吴****,财务分析,rejected,2026-10-03 10:00,官网,C008,137****5566,4403**********8901,本科,4,62,-,-,-,bad,一面未通过，已淘汰
郑****,HRBP,talent,2026-10-04 14:00,内推,C009,135****9900,4403**********9012,硕士,9,85,-,-,-,good,岗位暂缓，转人才储备
孙****,渠道销售,hired,2026-09-22 10:00,猎头,C010,136****1122,4403**********0123,本科,6,90,21000,accepted,done,good,已入职，待 trn 培训建档与 admin 资产/工牌联动
马****,销售经理,second,2026-10-07 09:30,招聘网站,C011,138****6677,4403**********1357,本科,7,79,-,-,-,medium,复试待评，团队管理经验待验证
黄****,数据分析师,screening,-,校招,C012,139****7799,4403**********2468,硕士,1,-,-,-,-,-,校招储备，待笔试
何****,前端工程师,first,2026-10-06 11:00,官网,C013,137****3344,4403**********3579,本科,4,-,-,-,-,-,一面待评（与 C006 共用面试官孙**，时段冲突待重排）
冯****,HRBP,second,2026-10-06 15:00,猎聘,C014,138****5566,4403**********4680,本科,7,83,-,-,-,good,复试待评，员工关系经验强
