interview_id,cand_id,round,interviewer,interviewer_role,interview_at,mode,score,result,comment
IV001,C001,first,陈**,销售总监,2026-09-28 14:00,现场,84,pass,行业理解与沟通好，大客户资源可迁移
IV002,C001,second,李**,HRD,2026-10-02 14:00,视频,-,pending,待复试评价
IV003,C003,first,郑**,招聘负责人,2026-09-29 16:00,现场,80,pass,组织诊断案例偏浅，待复试补充
IV004,C003,second,李**,HRD,2026-10-05 16:00,现场,-,pending,待复试评价
IV005,C004,first,孙**,前端组长,2026-09-25 10:00,视频,88,pass,工程基础扎实，性能优化经验好
IV006,C004,second,周**,技术负责人,2026-09-30 14:00,视频,90,pass,架构理解到位
IV007,C004,final,李**,HRD,2026-10-09 10:00,现场,91,pass,价值观匹配，建议发 offer
IV008,C006,first,孙**,前端组长,2026-10-06 11:00,视频,-,pending,待一面评价
IV009,C007,first,周**,技术负责人,2026-10-08 15:30,现场,86,pass,建模能力强
IV010,C007,second,马**,数据负责人,2026-10-09 16:30,视频,87,pass,指标口径与业务理解清晰
IV011,C007,final,李**,HRD,2026-10-10 15:00,现场,-,pending,待终面评价
IV012,C008,first,吴**,财务经理,2026-10-03 10:00,现场,62,fail,专业深度不足，未通过
IV013,C009,first,郑**,招聘负责人,2026-10-04 14:00,视频,85,pass,经验匹配，岗位暂缓转人才储备
IV014,C010,first,陈**,销售总监,2026-09-15 10:00,现场,88,pass,渠道资源强，可独立开拓
IV015,C010,second,陈**,销售总监,2026-09-18 14:00,现场,89,pass,复试通过，商业谈判经验好
IV016,C010,final,李**,HRD,2026-09-22 10:00,现场,90,pass,终面通过，进入 offer 流程
IV017,C011,first,陈**,销售总监,2026-10-05 09:30,现场,79,pass,团队管理经验待验证
IV018,C011,second,李**,HRD,2026-10-07 09:30,视频,-,pending,待复试评价
IV019,C013,first,孙**,前端组长,2026-10-06 11:00,现场,-,pending,待一面评价（与 IV008 面试官时段冲突，预期标红）
IV020,C014,first,郑**,招聘负责人,2026-10-04 10:00,视频,83,pass,员工关系经验扎实
IV021,C014,second,李**,HRD,2026-10-06 15:00,现场,-,pending,待复试评价
