asset_id,asset,holder_masked,location,status,category,sn,price_yuan,dept,purchase_ref,acquired_date,last_event
AST-0101,投影仪(会议室A),公共,A栋3层会议室A,在用,办公设备,SN-EP01***,4800,行政部,,2025-11-20,2026-09-25 季度盘点在用
AST-0102,投影仪(会议室B),公共,A栋3层会议室B,在用,办公设备,SN-EP02***,4200,行政部,会议室投影仪×2,2026-09-12,2026-09-12 采购入库（PR-2026-Q3-005）
AST-0107,笔记本电脑,E20***,销售部工位,在用,IT设备,SN-NB07***,6580,销售部,,2025-06-12,2026-09-15 领用登记确认
AST-0108,笔记本电脑,E10***,研发部工位,在用,IT设备,SN-NB08***,6580,研发部,办公笔记本×20,2026-09-20,2026-09-20 采购入库并领用（PR-2026-Q3-001）
AST-0109,笔记本电脑,E11***,研发部工位,在用,IT设备,SN-NB09***,6580,研发部,办公笔记本×20,2026-09-20,2026-09-20 采购入库并领用（PR-2026-Q3-001）
AST-0110,笔记本电脑,E12***,研发部工位,在用,IT设备,SN-NB10***,6580,研发部,办公笔记本×20,2026-09-20,2026-09-20 采购入库并领用（PR-2026-Q3-001）
AST-0111,笔记本电脑,E14***,研发部工位,在用,IT设备,SN-NB11***,6580,研发部,办公笔记本×20,2026-09-20,2026-09-20 采购入库并领用（PR-2026-Q3-001）
AST-0113,打印机,公共,行政仓库,维修中,办公设备,SN-PR13***,3100,行政部,,2025-08-14,2026-09-16 报修（工单 WX-2026-0916）
AST-0121,测试手机,公共,行政仓库,闲置,办公设备,SN-MB21***,2800,研发部,,2024-06-11,2026-09-18 离职释放（ER-2026-0912，使用人已清空）
AST-0122,会议椅,公共,A栋3层会议室A,在用,办公家具,SN-CH22***,799,行政部,会议椅×40,2026-09-22,2026-09-22 采购入库（PR-2026-Q3-002）
AST-0123,会议椅,公共,A栋3层会议室B,在用,办公家具,SN-CH23***,799,行政部,会议椅×40,2026-09-22,2026-09-22 采购入库（PR-2026-Q3-002）
AST-0124,会议椅,公共,A栋2层开放区,在用,办公家具,SN-CH24***,799,行政部,会议椅×40,2026-09-22,2026-09-22 采购入库（PR-2026-Q3-002）
AST-0125,会议椅,公共,A栋2层开放区,在用,办公家具,SN-CH25***,799,行政部,会议椅×40,2026-09-22,2026-09-22 采购入库（PR-2026-Q3-002）
AST-0126,显示器,E13***,研发部工位,在用,IT设备,SN-DP26***,980,研发部,,2025-05-20,2026-09-10 部门内调拨
AST-0127,显示器,公共,行政仓库,闲置,IT设备,SN-DP27***,980,研发部,,2025-05-20,2026-08-30 离职释放（ER-2026-0815，使用人已清空）
AST-0128,办公桌,公共,A栋4层开放区,在用,办公家具,SN-DK28***,1180,销售部,,2023-04-18,2026-09-25 季度盘点在用
AST-0129,碎纸机,E30***,财务部工位,在用,办公设备,SN-SH29***,1560,财务部,,2024-12-02,2026-09-25 季度盘点在用
AST-0131,打印机(旧),公共,行政仓库,已报废,办公设备,SN-PR31***,1200,行政部,,2019-07-01,2026-09-05 报废审批通过（BF-2026-0905）
