item,vendor_masked,unit_price_yuan,lead_days,selected,request_id,request_dept,qty,amount_yuan,budget_ok,quote_date,order_status,note
办公笔记本×20,供应商A,6800,7,No,PR-2026-Q3-001,研发部,20,136000,Yes,2026-09-10,已入库,三家比价；未中选；2026-09-20 入库
办公笔记本×20,供应商B,6580,10,Yes(最低价),PR-2026-Q3-001,研发部,20,131600,Yes,2026-09-10,已入库,最低价中选；对应资产 AST-0108~AST-0111
办公笔记本×20,供应商C,7100,3,No,PR-2026-Q3-001,研发部,20,142000,Yes,2026-09-10,已入库,交期最短但单价最高；未中选
会议椅×40,供应商A,860,12,No,PR-2026-Q3-002,行政部,40,34400,Yes,2026-09-12,已入库,三家比价；未中选
会议椅×40,供应商B,830,9,No,PR-2026-Q3-002,行政部,40,33200,Yes,2026-09-12,已入库,单价次低；未中选
会议椅×40,供应商C,799,15,Yes(最低价),PR-2026-Q3-002,行政部,40,31960,Yes,2026-09-12,已入库,最低价中选；2026-09-22 入库 AST-0122~AST-0125
激光打印机×5,供应商A,3100,15,No,PR-2026-Q3-003,财务部,5,15500,Yes,2026-09-14,已批准,三家比价；未中选；待入库
激光打印机×5,供应商B,2980,20,Yes(最低价),PR-2026-Q3-003,财务部,5,14900,Yes,2026-09-14,已批准,最低价中选；待入库（预计 2026-10-05）
激光打印机×5,供应商C,3250,10,No,PR-2026-Q3-003,财务部,5,16250,Yes,2026-09-14,已批准,未中选
办公桌×12,供应商A,1250,10,No,PR-2026-Q3-004,销售部,12,15000,No,2026-09-18,待审批,部门家具预算不足；阻断审批
办公桌×12,供应商B,1180,14,Yes(最低价),PR-2026-Q3-004,销售部,12,14160,No,2026-09-18,待审批,最低价但预算缺口 4360 元；待预算调整
办公桌×12,供应商C,1290,8,No,PR-2026-Q3-004,销售部,12,15480,No,2026-09-18,待审批,未中选
会议室投影仪×2,供应商A,4500,5,No,PR-2026-Q3-005,行政部,2,9000,Yes,2026-09-06,已入库,三家比价；未中选
会议室投影仪×2,供应商B,4200,7,Yes(最低价),PR-2026-Q3-005,行政部,2,8400,Yes,2026-09-06,已入库,最低价中选；2026-09-12 入库 AST-0102
会议室投影仪×2,供应商C,4680,4,No,PR-2026-Q3-005,行政部,2,9360,Yes,2026-09-06,已入库,未中选
打印机原厂维保服务×1,供应商D,12000,30,Yes(单一来源),PR-2026-Q3-006,行政部,1,12000,Yes,2026-09-19,已驳回,原厂单一来源；未达三家比价且缺单一来源审批单；驳回补件
