dealer_id,dealer_masked,region,tier,agreement_no,terms_digest,rebate_pct,exclusive_flag,sellthrough_pct,dispute_flag,period,owner,updated_at
DA-2601,DEALER-***01,华南,金级,DA-2026-001,独家区域保护+季度返利,3.0,是,92.4,否,2026-Q3,渠道部,2026-09-28
DA-2602,DEALER-***02,华南,银级,DA-2026-002,年度返点+陈列支持,2.0,否,81.6,否,2026-Q3,渠道部,2026-09-28
DA-2603,DEALER-***03,华东,金级,DA-2026-003,独家区域保护+联合推广,3.0,是,95.1,否,2026-Q3,渠道部,2026-09-27
DA-2604,DEALER-***04,华东,普通,DA-2026-004,季度返利+账期45天,1.5,否,68.3,是,2026-Q3,渠道部,2026-09-27
DA-2605,DEALER-***05,华中,银级,DA-2026-005,陈列支持+年度返点,2.0,否,76.9,否,2026-Q3,渠道部,2026-09-26
DA-2606,DEALER-***06,华中,普通,DA-2026-006,季度返利,1.5,否,58.2,是,2026-Q3,渠道部,2026-09-26
DA-2607,DEALER-***07,西南,银级,DA-2026-007,区域保护+培训支持,2.0,是,84.7,否,2026-Q3,渠道部,2026-09-25
DA-2608,DEALER-***08,西南,普通,DA-2026-008,季度返利+物料支持,1.5,否,63.5,否,2026-Q3,渠道部,2026-09-25
DA-2609,DEALER-***09,华北,金级,DA-2026-009,独家区域保护+年度返点,3.0,是,90.8,否,2026-Q3,渠道部,2026-09-24
DA-2610,DEALER-***10,华北,银级,DA-2026-010,陈列支持+季度返利,2.0,否,72.4,否,2026-Q3,渠道部,2026-09-24
DA-2611,DEALER-***11,华南,普通,DA-2026-011,季度返利+账期30天,1.5,否,55.7,否,2026-Q3,渠道部,2026-09-23
DA-2612,DEALER-***12,华东,银级,DA-2026-012,联合推广+年度返点,2.0,否,79.3,否,2026-Q3,渠道部,2026-09-23
