material,review_status,legal_check,brand_check,owner,material_id,event_id,type,version,channel,reviewer_legal,reviewer_brand,reviewed_at,external_ready,issue_type
经销商手册 V5,通过,通过,通过,品牌组,M-2601,EV-2602,手册,V5,经销商,李**,王**,2026-09-05,yes,-
展台易拉宝,审核中,通过,待改,设计组,M-2602,EV-2603,易拉宝,V2,现场,李**,王**,2026-09-18,no,文案绝对化用语
伴手礼包装,通过,通过,通过,行政支持,M-2603,EV-2602,包装,V1,现场,李**,赵**,2026-09-06,yes,-
现场背板,驳回,通过,字号不合规,设计组,M-2604,EV-2603,背板,V3,现场,李**,赵**,2026-09-20,no,品牌字号不合规
渠道会邀请函,通过,通过,通过,渠道部,M-2605,EV-2601,邀请函,V2,定向邀约,周**,王**,2026-08-12,yes,-
年终答谢会邀请函,审核中,通过,待改,行政支持,M-2606,EV-2604,邀请函,V1,定向邀约,周**,孙**,2026-09-22,no,抽奖表述不合规
经销商大会主KV,通过,通过,通过,市场部,M-2607,EV-2606,主视觉,V1,现场,李**,王**,2026-08-18,yes,-
产品演示视频（含字幕）,审核中,通过,待审,品牌组,M-2608,EV-2608,视频,V2,线上,周**,孙**,2026-09-27,no,字幕免责声明待补
媒体通稿与新闻资料包,待审,未审,未审,品牌组,M-2609,EV-2608,通稿,V1,媒体,-,-,-,no,-
经销商返利政策单页,驳回,待改,通过,市场部,M-2610,EV-2606,单页,V1,经销商,周**,孙**,2026-07-28,no,价格比较表述无依据
展位导视系统,通过,通过,通过,设计组,M-2611,EV-2614,导视,V1,现场,李**,赵**,2026-08-30,yes,-
快闪店灯箱,通过,通过,通过,渠道部,M-2612,EV-2610,灯箱,V1,现场,李**,赵**,2026-09-10,yes,-
校园路演海报,审核中,通过,待改,品牌组,M-2613,EV-2609,海报,V1,校园,周**,孙**,2026-09-21,no,证言授权待补
生态伙伴大会主KV,待审,未审,未审,市场部,M-2614,EV-2616,主视觉,V1,线上+现场,-,-,-,no,-
