course,hours,enrolled,next_session,category,dept,trainer,room,seat_cap,prereq,pass_rate,completed_h,status,budget_wan,approver
新员工入职,6,32,10-11,必修,人力资源部,T1***,A201,40,无,,0,报名中,1.2,A1***
合规与信息安全,4,57,10-13,必修,法务合规部,T2***,A203,60,无,,0,报名中,0.8,A1***
销售进阶谈判,12,18,10-18,进阶,销售部,EXT-***A,外部场地,20,无,,0,报名中,6.5,A2***
管理者 First 30 天,8,9,10-22,领导力,人力资源部,EXT-***B,外部场地,12,无,,0,报名中,8.0,A2***
数据安全与隐私保护,6,41,10-27,必修,信息技术部,T3***,线上直播,60,无,,0,报名中,0.6,A1***
项目管理实战,16,14,11-05,进阶,工程部,EXT-***A,外部场地,16,管理者 First 30 天,,0,报名中,12.8,
客户服务与投诉处理,8,22,11-12,技能,销售部,T4***,B205,24,无,,0,报名中,1.5,A1***
特种作业安全操作,8,36,09-28,合规,安全环保部,T5***,实训基地,40,无,,4,进行中,2.4,A1***
焊接与热切割作业,8,28,10-06,合规,生产制造部,T5***,实训基地,30,特种作业安全操作,,6,进行中,3.2,A1***
危化品安全管理,6,44,10-06,合规,安全环保部,T5***,实训基地,45,无,,3,进行中,2.0,A1***
安全员 B 证考前培训,16,18,10-15,合规,安全环保部,T6***,A105,20,无,,8,进行中,5.6,A2***
安全员 C 证考前培训,16,12,10-15,合规,安全环保部,T7***,B205,15,无,,8,进行中,5.6,A2***
电动叉车安全操作,4,30,06-18,合规,生产制造部,T8***,实训基地,30,无,95.0,4,已结束,0.9,A1***
高处作业安全操作,6,26,07-09,合规,工程部,T5***,实训基地,30,特种作业安全操作,88.5,6,已结束,1.8,A1***
一级建造师继续教育,24,15,08-20,技能,工程部,EXT-***C,线上直播,15,无,84.0,24,已结束,9.6,A2***
注册安全工程师继续教育,24,12,08-27,技能,安全环保部,EXT-***C,线上直播,12,无,91.5,24,已结束,7.2,A2***
注册会计师继续教育,24,10,09-03,技能,财务部,EXT-***D,线上直播,10,无,78.5,24,已结束,8.4,A2***
消防安全与应急处置,4,48,09-10,必修,行政后勤部,T9***,C401,50,无,90.0,4,已结束,1.0,A1***
