employee_masked,current_band,proposed_band,reason,status,approvals,current_salary_range_wan,proposed_salary_range_wan,adjust_pct_range,effective_month,batch
EMP-****12,P4,P5,晋升答辩通过,待审批,HRD✓/CFO待,34~40,44~52,25%~32%,2026-11,BATCH-2026Q4-A
EMP-****35,P5,P5,带宽内调薪,已通过,HRD✓/CFO✓,44~52,48~56,5%~9%,2026-11,BATCH-2026Q4-A
EMP-****51,P4,P4,超带宽校准,待审批,HRD待/CFO待,46~52,48~54,2%~6%,2026-11,BATCH-2026Q4-A
EMP-****63,P3,P4,关键人才保留,草稿,-,24~30,28~36,14%~19%,2026-12,BATCH-2026Q4-B
EMP-****07,P6,P6,绩效调薪（A 等）,已生效,HRD✓/CFO✓,72~88,78~94,5%~10%,2026-08,BATCH-2026Q3-A
EMP-****29,P5,P5,绩效调薪（B 等）,已通过,HRD✓/CFO✓,45~51,47~53,3%~7%,2026-10,BATCH-2026Q3-C
EMP-****44,P2,P3,储备干部晋升,待审批,HRD待/CFO待,13~17,19~25,40%~52%,2026-12,BATCH-2026Q4-B
EMP-****58,M1,M2,管理岗晋升,已生效,HRD✓/CFO✓,60~72,76~92,23%~30%,2026-07,BATCH-2026Q3-A
EMP-****66,P7,P7,普调（年度）,已生效,HRD✓/CFO✓,88~104,92~110,3%~8%,2026-08,BATCH-2026Q3-A
EMP-****73,P4,P5,异动-调岗至平台组,待审批,HRD✓/CFO待,30~36,42~48,32%~40%,2026-11,BATCH-2026Q4-A
EMP-****81,P8,P8,特别调薪（关键保留）,待审批,HRD待/CFO待,118~138,126~150,5%~10%,2026-11,BATCH-2026Q4-A
EMP-****94,P9,P9,长期激励校准,已通过,HRD✓/CFO✓,150~175,158~186,4%~8%,2026-10,BATCH-2026Q3-C
EMP-****02,M2,M3,总监晋任,待审批,HRD✓/CFO待,92~108,118~138,24%~31%,2026-12,BATCH-2026Q4-B
EMP-****19,P1,P1,转正调薪,已生效,HRD✓/CFO✓,8~12,9~13,6%~12%,2026-09,BATCH-2026Q3-B
EMP-****88,P6,P6,超带宽校准（低于下限）,已驳回,HRD✗/CFO待,62~72,58~68,-8%~-4%,-,BATCH-2026Q4-A
EMP-****46,P5,P5,特别调薪（补贴并入）,待审批,HRD待/CFO待,60~70,66~76,7%~12%,2026-11,BATCH-2026Q4-A
