process,risk_level,residual_risk,next_review,owner,pipia_id,assessment_status,dept_masked,data_categories,legal_basis,mitigation,residual_downgraded,risk_status,approval_dual,launch_gate,assessed_at,check_ref
员工考勤人脸识别,高,中,2026-12-01,安全合规部,PIPIA-2026-001,已出结论,DEPT-SEC-***,生物识别信息；考勤记录,《个人信息保护法》第 26、55 条,闸机侧改为特征值本地比对；原始图像不留存,是,已闭环,主管✓/DPO✓,可上线,2026-08-20,CHK-2026-007
客户线索营销外呼,中,低,2027-01-10,市场部,PIPIA-2026-002,已出结论,DEPT-MKT-***,联系方式；通话记录,《个人信息保护法》第 13、24 条,外呼名单二次确认；退订即时生效,是,已闭环,主管✓/DPO✓,可上线,2026-07-15,CHK-2026-006
EAP 匿名咨询,高,低,2027-03-01,EAP专员,PIPIA-2026-003,已出结论,DEPT-HR-***,敏感个人信息（健康）；咨询记录,《个人信息保护法》第 28、29 条,沿用 er-eap 匿名编号与独立命名空间；结论只出等级,是,已闭环,主管✓/DPO✓,可上线,2026-08-05,CHK-2026-007
招聘简历筛选与背景调查,高,高,2026-11-30,人力资源部,PIPIA-2026-004,评估中,DEPT-HR-***,身份信息；履历与学历,《个人信息保护法》第 13 条；《劳动合同法》第 8 条,背景调查须单独授权；落选简历 6 个月删除,否,处理中,主管待/DPO待,禁止上线,—,CHK-2026-003
员工薪酬核算与个税申报,中,低,2027-02-28,财务部,PIPIA-2026-005,已出结论,DEPT-FIN-***,薪酬；银行账户；身份信息,《个人信息保护法》第 13 条；《个人所得税法》第 6 条,最小必要授权；传输与存储加密,是,已闭环,主管✓/DPO✓,可上线,2026-06-30,CHK-2026-005
内部通讯录与组织架构展示,低,低,2027-06-30,信息技术部,PIPIA-2026-006,已出结论,DEPT-IT-***,姓名；工号；部门与联系方式,《个人信息保护法》第 13 条,仅企业内部可见；员工可申请隐藏个人条目,不适用,已闭环,主管✓/DPO✓,可上线,2026-05-20,CHK-2026-005
候选人面试评价留存,中,中,2026-12-31,人力资源部,PIPIA-2026-007,待评,DEPT-HR-***,面试评价；主观标签,《个人信息保护法》第 55 条,评价结构化并去除歧视性标签（待评估）,否,待处理,—,待评审,—,CHK-2026-003
员工健康体检数据管理,高,中,2027-01-31,行政部,PIPIA-2026-008,已出结论,DEPT-ADM-***,敏感个人信息（健康）,《个人信息保护法》第 28、29 条,体检机构直连员工本人；公司仅存完成状态,是,已闭环,主管✓/DPO✓,可上线,2026-09-10,CHK-2026-007
办公区门禁与视频监控,高,中,2026-12-15,行政部,PIPIA-2026-009,评估中,DEPT-ADM-***,生物识别信息；行踪轨迹,《个人信息保护法》第 26、55 条,监控留存期由 90 天压至 30 天并加明示标识,否,处理中,主管✓/DPO待,禁止上线,—,CHK-2026-007
离职员工数据留存与清除,中,中,2026-11-30,人力资源部,PIPIA-2026-010,评估中,DEPT-HR-***,履历；绩效；离职原因,《个人信息保护法》第 19、47 条,建立留存期限表；超期自动清除,否,处理中,—,待评审,—,CHK-2026-008
客服通话录音与质检,中,低,2027-04-30,客户服务部,PIPIA-2026-011,已出结论,DEPT-CS-***,通话录音；声纹特征,《个人信息保护法》第 13、26 条,录音前播报告知；保存 6 个月,是,已闭环,主管✓/DPO✓,可上线,2026-07-01,CHK-2026-006
海外分支人事数据跨境传输,高,高,2026-11-15,法务部,PIPIA-2026-012,评估中,DEPT-LGL-***,人事基础信息；薪酬,《个人信息保护法》第 38、55 条；《数据出境安全评估办法》第 4 条,完成安全评估申报前数据不出境,否,处理中,主管待/DPO待,禁止上线,—,CHK-2026-002
员工绩效数据与晋升评审,中,低,2027-03-31,人力资源部,PIPIA-2026-013,已出结论,DEPT-HR-***,绩效结果；评审意见,《个人信息保护法》第 13 条；《劳动合同法》第 4 条,评审意见双人复核；员工可申诉,是,已闭环,主管✓/DPO✓,可上线,2026-06-15,CHK-2026-001
培训平台学习行为记录,低,低,2027-05-31,人力资源部,PIPIA-2026-014,已出结论,DEPT-HR-***,学习记录；考试成绩,《个人信息保护法》第 13 条,仅用于培训管理；不用于绩效评价,不适用,已闭环,主管✓/DPO✓,可上线,2026-05-30,CHK-2026-014
