plan,points_per_year,covers,provider_masked,plan_id,category,tier,comparison_group,eligible_group,cost_per_person_yuan,enrolled_count,satisfaction_score,status,effective_year
升级商保(家属),1600,门诊+住院+体检,某保险公司,BEN-P01,商业保险,升级,GRP-INS-2026,本人+家属1人,3520,126,4.5,已采纳,2026
高端体检套餐,900,全面体检+齿科,某体检机构,BEN-P02,健康体检,升级,GRP-CHK-2026,全员,1800,208,4.6,已采纳,2026
弹性健身,600,健身房通兑,某运动平台,BEN-P03,弹性健身,基础,GRP-FIT-2026,全员,1080,174,4.2,已采纳,2026
EAP心理支持,300,全年8次匿名咨询,某EAP机构,BEN-P04,心理支持,基础,GRP-EAP-2026,全员,720,96,4.4,已采纳,2026
基础商保(本人),800,门诊+住院,某保险公司,BEN-P05,商业保险,基础,GRP-INS-2026,本人,1760,342,4.1,已采纳,2026
尊享商保(含齿科),2600,门诊+住院+齿科+重疾,某保险公司,BEN-P06,商业保险,尊享,GRP-INS-2026,本人+家属2人,5720,0,-,比选中,2026
基础体检套餐,400,常规体检,某体检机构,BEN-P07,健康体检,基础,GRP-CHK-2026,全员,800,156,4.0,已采纳,2026
尊享体检套餐(含家属),1500,全面体检+齿科+家属1人,某体检机构,BEN-P08,健康体检,尊享,GRP-CHK-2026,本人+家属1人,3000,0,-,比选中,2026
意外险(全年),200,意外伤害+意外医疗,某保险公司,BEN-P09,商业保险,基础,-,全员,440,268,4.0,已采纳,2026
年度健身会员(高端),1800,连锁健身房年卡+私教2次,某运动平台,BEN-P10,弹性健身,升级,GRP-FIT-2026,全员,3240,0,-,比选中,2026
心理咨询加购包,450,额外4次匿名咨询,某EAP机构,BEN-P11,心理支持,升级,GRP-EAP-2026,全员,1080,0,-,比选中,2026
年度牙科福利,500,洗牙2次+基础治疗,某口腔机构,BEN-P12,齿科,基础,-,全员,800,62,4.1,已采纳,2026
通勤补贴,400,通勤月卡,某出行平台,BEN-P13,通勤支持,基础,GRP-COM-2026,全员,600,0,3.9,已弃用,2026
通勤停车补贴,700,通勤月卡+园区停车,某出行平台,BEN-P14,通勤支持,升级,GRP-COM-2026,全员,1050,0,-,草稿,2026
