employee_masked,points_used,plan,remaining,usage_id,plan_id,dept_masked,status,applied_month,settled_month,points_total,claim_masked,claim_type,claim_days,claim_amount_range_yuan
EMP-****12,1450,升级商保(家属),150,BEN-U001,BEN-P01,销售部,已核销,2026-01,2026-02,1600,CLM-****01,住院,6,3000~8000
EMP-****35,900,高端体检套餐,0,BEN-U002,BEN-P02,研发部,已核销,2026-01,2026-01,900,-,-,-,-
EMP-****07,300,弹性健身,300,BEN-U003,BEN-P03,市场部,已申请,2026-02,-,600,-,-,-,-
EMP-****51,300,EAP心理支持,0,BEN-U004,BEN-P04,财务部,已核销,2026-01,2026-02,300,-,-,-,-
EMP-****29,400,基础体检套餐,0,BEN-U005,BEN-P07,行政部,已核销,2026-01,2026-01,400,-,-,-,-
EMP-****46,800,基础商保(本人),0,BEN-U006,BEN-P05,研发部,已核销,2026-01,2026-02,800,CLM-****06,门诊,3,500~1500
EMP-****63,0,基础商保(本人),800,BEN-U007,BEN-P05,销售部,已申请,2026-02,-,800,-,-,-,-
EMP-****88,1200,升级商保(家属),400,BEN-U008,BEN-P01,财务部,已申请,2026-02,-,1600,-,-,-,-
EMP-****19,200,意外险(全年),0,BEN-U009,BEN-P09,行政部,已核销,2026-01,2026-03,200,CLM-****09,意外,9,2000~5000
EMP-****58,600,弹性健身,0,BEN-U010,BEN-P03,研发部,已核销,2026-01,2026-01,600,-,-,-,-
EMP-****73,500,年度牙科福利,0,BEN-U011,BEN-P12,行政部,已核销,2026-01,2026-02,500,CLM-****11,齿科,4,800~2000
EMP-****44,0,高端体检套餐,900,BEN-U012,BEN-P02,行政部,已驳回,2026-02,-,900,-,-,-,-
EMP-****61,150,意外险(全年),50,BEN-U013,BEN-P09,财务部,已申请,2026-02,-,200,-,-,-,-
EMP-****55,400,基础体检套餐,0,BEN-U014,BEN-P07,市场部,已核销,2026-02,2026-03,400,-,-,-,-
