channel,week,spend_wan,approved_budget_wan,impressions,clicks,owner
抖音,2026-W39,7.00,8.00,1120000,21300,张**
视频号,2026-W39,5.50,6.00,780000,12100,张**
小红书,2026-W39,4.50,5.00,460000,13500,赵**
知乎,2026-W39,3.00,3.50,290000,4500,赵**
百度SEM,2026-W39,4.00,4.50,240000,7100,张**
信息流,2026-W39,6.50,7.00,960000,16800,李**
抖音,2026-W40,8.00,9.00,1240000,24800,张**
视频号,2026-W40,6.00,6.50,860000,13760,张**
小红书,2026-W40,5.00,5.50,540000,16200,赵**
知乎,2026-W40,3.50,4.00,320000,5120,赵**
百度SEM,2026-W40,4.50,5.00,260000,7800,张**
信息流,2026-W40,7.00,7.50,1050000,18900,李**
