date,channel,title,status,owner,content_id,content_type,publish_time,pii_check
10-02,公众号,9 月产品更新月报,已发布,内容组,CT-2051,图文,09:30,无PII
10-08,公众号,Q4 产品白皮书发布,已排期,内容组,CT-2052,长图,10:00,无PII
10-09,知乎,Q4 白皮书要点拆解,已驳回,内容组,CT-2053,图文,15:00,无PII
10-10,抖音,客户案例短视频 ×3,待审核,视频组,CT-2054,短视频,19:00,待脱敏
10-12,官网,双11 专题页上线,草稿,市场运营,CT-2055,专题页,10:00,无PII
10-13,小红书,双11 种草笔记合集,草稿,内容组,CT-2056,图文,12:00,已脱敏
10-14,知乎,双11 选型指南问答,待审核,内容组,CT-2057,图文,15:00,无PII
10-15,公众号,行业报告解读,已排期,内容组,CT-2058,图文,10:00,无PII
10-16,抖音,双11 预热短视频,草稿,视频组,CT-2059,短视频,19:00,无PII
10-16,小红书,达人合作笔记投放,草稿,内容组,CT-2060,图文,12:00,无PII
10-16,小红书,用户 UGC 合集,草稿,内容组,CT-2061,图文,12:00,无PII
10-17,视频号,产品直播答疑,待审核,活动组,CT-2062,直播,20:00,无PII
10-18,视频号,直播预告,待审核,活动组,CT-2063,短视频,20:00,无PII
10-18,视频号,产品功能短剧,草稿,视频组,CT-2064,短视频,20:30,无PII
10-18,公众号,客户成功故事（客户授权待核）,待审核,内容组,CT-2065,图文,10:00,待脱敏
