week,revenue_wan,orders,new_customers,risk_note,week_start,week_end,period,dept,dept_code,revenue_target_wan,risk_level,risk_owner,kr_ref,updated_at
W31,1102,268,31,"竞品在华南降价 5% 抢单（市场部跟踪）",2026-07-27,2026-08-02,2026Q3,华南区销售部,SL-SC,1200,中,市场部,SC-KR4;RC-KR1,2026-10-18
W32,1148,279,34,-,2026-08-03,2026-08-09,2026Q3,华南区销售部,SL-SC,1200,无,-,SC-KR4,2026-10-18
W33,1086,264,29,"深圳大客户验收延期（交付部跟进）",2026-08-10,2026-08-16,2026Q3,华南区销售部,SL-SC,1200,高,交付与实施部,SC-KR4;PV-KR4;PV-KR2,2026-10-18
W34,1205,293,37,"新品上市延期 2 周（产品部）",2026-08-17,2026-08-23,2026Q3,华南区销售部,SL-SC,1200,中,产品与商业化部,SC-KR4;PV-KR1,2026-10-18
W35,1178,286,35,"台风致物流中断 2 天（供应链跟进）",2026-08-24,2026-08-30,2026Q3,华南区销售部,SL-SC,1200,中,供应链,SC-KR4;PV-KR4;RC-KR4,2026-10-18
W36,1236,301,39,"交付人力缺口 2 人（HRBP 跟进）",2026-08-31,2026-09-06,2026Q3,华南区销售部,SL-SC,1200,中,人力资源部,SC-KR4;B-KR2;B-KR4,2026-10-18
W37,1162,283,33,"回款周期拉长至 68 天（财务协同）",2026-09-07,2026-09-13,2026Q3,华南区销售部,SL-SC,1200,中,财务部,SC-KR4;SC-KR5,2026-10-18
W38,1249,306,40,"标杆客户案例授权延迟（法务协同）",2026-09-14,2026-09-20,2026Q3,华南区销售部,SL-SC,1200,低,法务与合规,SC-KR4;PV-KR3,2026-10-18
W39,1286,312,41,"华南经销商回款延迟（行政跟进）",2026-09-21,2026-09-27,2026Q3,华南区销售部,SL-SC,1200,中,行政部,SC-KR4;SC-KR5;RC-KR3,2026-10-18
W40,1352,338,45,-,2026-09-28,2026-10-04,2026Q4,华南区销售部,SL-SC,1500,无,-,SC-KR4,2026-10-18
W41,1194,295,38,"投放ROI 周环比 -7%（市场部复盘）",2026-10-05,2026-10-11,2026Q4,华南区销售部,SL-SC,1500,高,市场部,SC-KR4;SC-KR1;SC-KR3;RC-KR2;B-KR2,2026-10-18
W42,1478,356,52,-,2026-10-12,2026-10-18,2026Q4,华南区销售部,SL-SC,1500,无,-,SC-KR4,2026-10-18
